GEO.id,GEO.id2,GEO.display-label,HD01_VD01,HD02_VD01,HD01_VD02,HD02_VD02,HD01_VD03,HD02_VD03,HD01_VD04,HD02_VD04,HD01_VD05,HD02_VD05,HD01_VD06,HD02_VD06,HD01_VD07,HD02_VD07,HD01_VD08,HD02_VD08
Id,Id2,Geography,Estimate; Total:,Margin of Error; Total:,Estimate; Total: - Under .50,Margin of Error; Total: - Under .50,Estimate; Total: - .50 to .99,Margin of Error; Total: - .50 to .99,Estimate; Total: - 1.00 to 1.24,Margin of Error; Total: - 1.00 to 1.24,Estimate; Total: - 1.25 to 1.49,Margin of Error; Total: - 1.25 to 1.49,Estimate; Total: - 1.50 to 1.84,Margin of Error; Total: - 1.50 to 1.84,Estimate; Total: - 1.85 to 1.99,Margin of Error; Total: - 1.85 to 1.99,Estimate; Total: - 2.00 and over,Margin of Error; Total: - 2.00 and over
1400000US44001030100,44001030100,"Census Tract 301, Bristol County, Rhode Island",4684,259,46,44,1,3,216,241,26,25,189,105,31,39,4175,364
1400000US44001030200,44001030200,"Census Tract 302, Bristol County, Rhode Island",3176,177,59,47,15,18,51,40,59,57,330,212,11,18,2651,259
1400000US44001030300,44001030300,"Census Tract 303, Bristol County, Rhode Island",4445,238,41,36,111,128,8,13,390,257,41,36,7,12,3847,286
1400000US44001030400,44001030400,"Census Tract 304, Bristol County, Rhode Island",3827,145,32,34,7,11,10,13,9,14,41,49,0,13,3728,155
1400000US44001030500,44001030500,"Census Tract 305, Bristol County, Rhode Island",3185,224,257,124,251,106,106,83,202,136,167,70,145,82,2057,304
1400000US44001030601,44001030601,"Census Tract 306.01, Bristol County, Rhode Island",3488,259,51,38,123,97,226,190,52,42,290,183,76,72,2670,285
1400000US44001030602,44001030602,"Census Tract 306.02, Bristol County, Rhode Island",3725,276,158,141,290,177,121,127,73,48,176,75,96,66,2811,295
1400000US44001030700,44001030700,"Census Tract 307, Bristol County, Rhode Island",3789,394,485,200,365,151,339,159,27,30,219,113,270,220,2084,364
1400000US44001030800,44001030800,"Census Tract 308, Bristol County, Rhode Island",3635,291,253,159,161,78,51,37,101,115,246,143,66,49,2757,322
1400000US44001030901,44001030901,"Census Tract 309.01, Bristol County, Rhode Island",6306,326,181,122,162,93,70,86,56,59,577,469,53,72,5207,454
1400000US44001030902,44001030902,"Census Tract 309.02, Bristol County, Rhode Island",6726,305,170,113,342,176,55,50,182,145,271,148,101,131,5605,381
1400000US44003020101,44003020101,"Census Tract 201.01, Kent County, Rhode Island",6127,326,56,56,184,122,109,96,98,80,363,173,128,101,5189,364
1400000US44003020102,44003020102,"Census Tract 201.02, Kent County, Rhode Island",4750,410,238,147,523,344,45,50,214,187,352,281,34,37,3344,451
1400000US44003020200,44003020200,"Census Tract 202, Kent County, Rhode Island",5272,423,317,183,218,119,63,52,343,262,293,281,717,349,3321,452
1400000US44003020300,44003020300,"Census Tract 203, Kent County, Rhode Island",5921,595,589,435,1119,469,205,131,602,379,307,183,132,151,2967,535
1400000US44003020400,44003020400,"Census Tract 204, Kent County, Rhode Island",2415,267,133,115,153,80,59,65,10,17,233,164,232,260,1595,250
1400000US44003020500,44003020500,"Census Tract 205, Kent County, Rhode Island",4491,349,270,147,337,253,90,81,188,164,14,21,187,160,3405,347
1400000US44003020601,44003020601,"Census Tract 206.01, Kent County, Rhode Island",6329,364,42,40,632,324,107,105,143,126,336,255,0,18,5069,432
1400000US44003020602,44003020602,"Census Tract 206.02, Kent County, Rhode Island",3516,345,333,279,326,373,68,44,206,130,188,98,158,148,2237,306
1400000US44003020603,44003020603,"Census Tract 206.03, Kent County, Rhode Island",6328,366,241,142,149,108,78,51,401,270,309,242,33,34,5117,451
1400000US44003020604,44003020604,"Census Tract 206.04, Kent County, Rhode Island",4887,378,452,271,241,151,169,111,71,72,658,280,0,13,3296,431
1400000US44003020701,44003020701,"Census Tract 207.01, Kent County, Rhode Island",1821,111,26,30,137,108,53,78,29,29,1,2,13,20,1562,175
1400000US44003020702,44003020702,"Census Tract 207.02, Kent County, Rhode Island",4669,271,127,75,116,98,102,78,220,138,101,79,19,30,3984,308
1400000US44003020703,44003020703,"Census Tract 207.03, Kent County, Rhode Island",6955,484,154,112,319,217,335,262,83,78,155,95,92,99,5817,560
1400000US44003020800,44003020800,"Census Tract 208, Kent County, Rhode Island",6069,21,88,106,248,287,125,110,68,65,41,35,195,211,5304,378
1400000US44003020901,44003020901,"Census Tract 209.01, Kent County, Rhode Island",3647,324,99,74,169,127,222,183,72,47,317,264,68,78,2700,380
1400000US44003020903,44003020903,"Census Tract 209.03, Kent County, Rhode Island",5889,264,197,189,158,157,0,18,10,17,77,76,53,67,5394,365
1400000US44003020904,44003020904,"Census Tract 209.04, Kent County, Rhode Island",3522,195,44,32,52,56,68,56,10,16,97,110,43,40,3208,232
1400000US44003021001,44003021001,"Census Tract 210.01, Kent County, Rhode Island",2649,227,8,14,138,130,134,150,229,250,83,52,416,283,1641,242
1400000US44003021002,44003021002,"Census Tract 210.02, Kent County, Rhode Island",4943,331,259,155,270,116,80,52,150,122,213,193,171,207,3800,354
1400000US44003021100,44003021100,"Census Tract 211, Kent County, Rhode Island",5143,338,80,59,112,112,342,237,0,18,240,171,84,85,4285,475
1400000US44003021200,44003021200,"Census Tract 212, Kent County, Rhode Island",3535,228,138,124,157,82,340,233,95,80,360,174,60,57,2385,340
1400000US44003021300,44003021300,"Census Tract 213, Kent County, Rhode Island",4621,381,195,145,78,46,45,47,201,130,114,83,61,98,3927,415
1400000US44003021401,44003021401,"Census Tract 214.01, Kent County, Rhode Island",4139,242,57,50,117,100,65,66,390,261,207,190,169,131,3134,289
1400000US44003021402,44003021402,"Census Tract 214.02, Kent County, Rhode Island",3659,261,96,54,178,116,128,131,90,76,184,145,9,14,2974,297
1400000US44003021501,44003021501,"Census Tract 215.01, Kent County, Rhode Island",2788,265,41,50,306,171,77,65,173,121,115,90,20,23,2056,306
1400000US44003021502,44003021502,"Census Tract 215.02, Kent County, Rhode Island",4169,253,241,186,193,123,71,56,260,182,155,110,0,13,3249,363
1400000US44003021600,44003021600,"Census Tract 216, Kent County, Rhode Island",1540,137,28,30,23,23,0,13,8,10,43,48,4,7,1434,162
1400000US44003021700,44003021700,"Census Tract 217, Kent County, Rhode Island",4937,550,182,135,339,205,298,233,300,283,121,90,176,159,3521,614
1400000US44003021800,44003021800,"Census Tract 218, Kent County, Rhode Island",4051,237,69,58,168,71,142,141,107,78,51,40,122,93,3392,266
1400000US44003021901,44003021901,"Census Tract 219.01, Kent County, Rhode Island",3812,254,0,13,66,47,62,59,198,156,291,213,34,42,3161,315
1400000US44003021902,44003021902,"Census Tract 219.02, Kent County, Rhode Island",2555,165,116,83,231,166,30,28,140,84,208,140,10,16,1820,211
1400000US44003021903,44003021903,"Census Tract 219.03, Kent County, Rhode Island",3833,295,172,98,256,226,92,68,115,103,122,94,68,51,3008,357
1400000US44003022000,44003022000,"Census Tract 220, Kent County, Rhode Island",3250,321,81,55,196,147,256,217,125,90,247,159,42,61,2303,351
1400000US44003022100,44003022100,"Census Tract 221, Kent County, Rhode Island",5285,313,172,136,216,164,134,120,41,48,258,120,42,50,4422,458
1400000US44003022201,44003022201,"Census Tract 222.01, Kent County, Rhode Island",6807,418,63,49,161,157,71,52,236,219,230,140,69,69,5977,422
1400000US44003022202,44003022202,"Census Tract 222.02, Kent County, Rhode Island",3973,328,92,93,271,111,86,62,69,46,258,134,29,37,3168,365
1400000US44003022300,44003022300,"Census Tract 223, Kent County, Rhode Island",3864,289,243,126,258,146,188,169,202,110,501,223,37,51,2435,380
1400000US44003022400,44003022400,"Census Tract 224, Kent County, Rhode Island",2156,210,34,30,25,44,37,44,30,44,92,66,18,22,1920,207
1400000US44003980000,44003980000,"Census Tract 9800, Kent County, Rhode Island",0,13,0,13,0,13,0,13,0,13,0,13,0,13,0,13
1400000US44005040101,44005040101,"Census Tract 401.01, Newport County, Rhode Island",5199,402,184,128,202,155,76,72,133,131,149,120,128,155,4327,503
1400000US44005040102,44005040102,"Census Tract 401.02, Newport County, Rhode Island",5839,326,456,395,111,97,38,48,127,104,161,122,87,89,4859,367
1400000US44005040103,44005040103,"Census Tract 401.03, Newport County, Rhode Island",6133,432,81,80,223,114,270,220,75,55,75,81,134,154,5275,502
1400000US44005040200,44005040200,"Census Tract 402, Newport County, Rhode Island",1510,260,18,29,187,201,16,27,97,93,81,63,0,13,1111,230
1400000US44005040302,44005040302,"Census Tract 403.02, Newport County, Rhode Island",2478,235,0,13,117,76,109,92,84,69,97,69,83,95,1988,288
1400000US44005040303,44005040303,"Census Tract 403.03, Newport County, Rhode Island",3138,273,162,112,140,147,15,22,143,101,565,295,53,63,2060,383
1400000US44005040304,44005040304,"Census Tract 403.04, Newport County, Rhode Island",2652,176,73,62,284,179,46,43,95,69,90,60,22,32,2042,204
1400000US44005040400,44005040400,"Census Tract 404, Newport County, Rhode Island",6102,341,218,215,87,59,29,32,53,51,81,69,255,234,5379,412
1400000US44005040500,44005040500,"Census Tract 405, Newport County, Rhode Island",5088,509,212,109,533,300,392,204,302,253,930,368,224,196,2495,526
1400000US44005040600,44005040600,"Census Tract 406, Newport County, Rhode Island",4291,556,91,104,235,131,200,162,194,108,145,96,227,306,3199,437
1400000US44005040700,44005040700,"Census Tract 407, Newport County, Rhode Island",3136,356,209,222,108,95,139,119,104,77,223,143,0,13,2353,329
1400000US44005040800,44005040800,"Census Tract 408, Newport County, Rhode Island",2121,248,81,55,107,59,161,142,161,120,34,31,0,13,1577,236
1400000US44005040900,44005040900,"Census Tract 409, Newport County, Rhode Island",3536,326,44,42,138,109,77,63,73,65,58,67,55,36,3091,354
1400000US44005041000,44005041000,"Census Tract 410, Newport County, Rhode Island",1719,307,156,84,161,89,105,91,24,30,34,54,0,13,1239,281
1400000US44005041100,44005041100,"Census Tract 411, Newport County, Rhode Island",1437,224,130,59,66,40,38,38,8,12,40,34,40,44,1115,223
1400000US44005041200,44005041200,"Census Tract 412, Newport County, Rhode Island",491,201,28,25,65,54,23,30,111,130,9,12,54,85,201,116
1400000US44005041300,44005041300,"Census Tract 413, Newport County, Rhode Island",5420,18,576,391,177,140,51,46,75,64,100,107,0,18,4441,477
1400000US44005041400,44005041400,"Census Tract 414, Newport County, Rhode Island",3491,18,96,65,117,79,19,21,32,38,152,95,0,13,3075,143
1400000US44005041601,44005041601,"Census Tract 416.01, Newport County, Rhode Island",2977,304,93,67,153,85,297,266,193,164,173,135,0,13,2068,298
1400000US44005041602,44005041602,"Census Tract 416.02, Newport County, Rhode Island",4317,251,52,58,88,68,38,30,117,100,153,181,16,26,3853,279
1400000US44005041701,44005041701,"Census Tract 417.01, Newport County, Rhode Island",3294,207,28,29,118,106,48,47,63,50,74,54,51,32,2912,241
1400000US44005041702,44005041702,"Census Tract 417.02, Newport County, Rhode Island",5086,306,79,100,121,104,126,100,98,64,498,322,105,113,4059,363
1400000US44005990000,44005990000,"Census Tract 9900, Newport County, Rhode Island",0,13,0,13,0,13,0,13,0,13,0,13,0,13,0,13
1400000US44007000101,44007000101,"Census Tract 1.01, Providence County, Rhode Island",3753,532,324,168,347,191,220,200,414,310,378,308,46,53,2024,469
1400000US44007000102,44007000102,"Census Tract 1.02, Providence County, Rhode Island",4839,501,585,274,676,373,412,254,265,148,424,223,47,46,2430,442
1400000US44007000200,44007000200,"Census Tract 2, Providence County, Rhode Island",5685,726,1202,508,1047,394,237,223,345,226,539,401,40,64,2275,597
1400000US44007000300,44007000300,"Census Tract 3, Providence County, Rhode Island",8009,1233,1012,478,501,260,945,520,1813,1043,876,500,168,195,2694,957
1400000US44007000400,44007000400,"Census Tract 4, Providence County, Rhode Island",4008,462,568,295,1091,325,70,69,342,156,523,332,278,232,1136,312
1400000US44007000500,44007000500,"Census Tract 5, Providence County, Rhode Island",3159,734,720,555,1177,593,159,129,84,78,381,305,0,13,638,184
1400000US44007000600,44007000600,"Census Tract 6, Providence County, Rhode Island",1970,289,388,245,134,229,302,247,166,163,147,104,45,69,788,339
1400000US44007000700,44007000700,"Census Tract 7, Providence County, Rhode Island",2508,313,807,292,787,301,281,230,84,141,49,45,78,73,422,109
1400000US44007000800,44007000800,"Census Tract 8, Providence County, Rhode Island",2287,248,607,235,359,126,144,88,166,77,122,74,0,13,889,170
1400000US44007000900,44007000900,"Census Tract 9, Providence County, Rhode Island",1868,306,406,186,361,148,121,75,182,111,87,79,64,50,647,173
1400000US44007001000,44007001000,"Census Tract 10, Providence County, Rhode Island",2594,505,181,109,576,370,216,176,86,79,94,61,22,37,1419,425
1400000US44007001100,44007001100,"Census Tract 11, Providence County, Rhode Island",2356,359,194,100,282,116,145,75,100,100,512,245,53,50,1070,283
1400000US44007001200,44007001200,"Census Tract 12, Providence County, Rhode Island",2605,373,635,322,771,295,271,205,178,122,145,86,56,93,549,207
1400000US44007001300,44007001300,"Census Tract 13, Providence County, Rhode Island",4758,603,577,334,873,314,663,340,568,330,407,200,126,173,1544,350
1400000US44007001400,44007001400,"Census Tract 14, Providence County, Rhode Island",6979,824,1633,562,983,373,271,196,1014,553,364,253,178,201,2536,658
1400000US44007001500,44007001500,"Census Tract 15, Providence County, Rhode Island",3020,350,102,73,173,141,24,36,180,163,320,145,186,133,2035,444
1400000US44007001600,44007001600,"Census Tract 16, Providence County, Rhode Island",8913,857,972,388,1837,712,971,699,629,353,1072,411,114,114,3318,652
1400000US44007001700,44007001700,"Census Tract 17, Providence County, Rhode Island",3555,395,349,183,572,257,166,84,474,366,414,244,126,102,1454,318
1400000US44007001800,44007001800,"Census Tract 18, Providence County, Rhode Island",6566,801,960,334,745,294,445,283,763,431,191,198,627,501,2835,653
1400000US44007001900,44007001900,"Census Tract 19, Providence County, Rhode Island",5307,833,656,313,1304,522,336,341,500,312,492,305,427,266,1592,427
1400000US44007002000,44007002000,"Census Tract 20, Providence County, Rhode Island",5975,558,912,355,1010,519,500,328,522,261,463,260,177,212,2391,437
1400000US44007002101,44007002101,"Census Tract 21.01, Providence County, Rhode Island",2884,440,212,127,133,148,168,137,300,380,305,224,50,44,1716,329
1400000US44007002102,44007002102,"Census Tract 21.02, Providence County, Rhode Island",5214,851,696,357,213,145,338,243,279,216,436,393,384,403,2868,820
1400000US44007002200,44007002200,"Census Tract 22, Providence County, Rhode Island",5018,686,748,332,1025,469,315,198,434,267,279,199,311,234,1906,446
1400000US44007002300,44007002300,"Census Tract 23, Providence County, Rhode Island",4539,573,668,306,303,189,368,313,150,149,311,315,68,67,2671,420
1400000US44007002400,44007002400,"Census Tract 24, Providence County, Rhode Island",4948,328,166,97,96,83,221,141,244,200,205,118,0,18,4016,429
1400000US44007002500,44007002500,"Census Tract 25, Providence County, Rhode Island",2687,366,399,214,432,270,129,134,286,180,144,119,15,18,1282,320
1400000US44007002600,44007002600,"Census Tract 26, Providence County, Rhode Island",3096,443,391,218,569,268,459,289,217,163,320,219,211,221,929,264
1400000US44007002700,44007002700,"Census Tract 27, Providence County, Rhode Island",4275,486,917,338,1024,337,241,183,197,152,279,154,236,169,1381,400
1400000US44007002800,44007002800,"Census Tract 28, Providence County, Rhode Island",5845,763,618,322,862,536,569,373,583,399,501,268,223,244,2489,698
1400000US44007002900,44007002900,"Census Tract 29, Providence County, Rhode Island",6742,560,624,224,949,445,223,94,189,104,586,292,153,135,4018,655
1400000US44007003100,44007003100,"Census Tract 31, Providence County, Rhode Island",4143,482,896,386,974,591,151,103,319,166,236,238,271,286,1296,321
1400000US44007003200,44007003200,"Census Tract 32, Providence County, Rhode Island",3130,342,103,86,2,4,24,39,312,218,97,67,32,41,2560,365
1400000US44007003300,44007003300,"Census Tract 33, Providence County, Rhode Island",3549,346,83,80,234,147,23,24,45,69,187,146,86,95,2891,343
1400000US44007003400,44007003400,"Census Tract 34, Providence County, Rhode Island",5111,406,270,189,77,83,45,71,0,18,121,89,88,139,4510,418
1400000US44007003500,44007003500,"Census Tract 35, Providence County, Rhode Island",4886,498,315,181,325,180,131,80,183,132,227,160,145,174,3560,567
1400000US44007003601,44007003601,"Census Tract 36.01, Providence County, Rhode Island",1960,314,610,270,290,174,28,34,35,31,60,41,0,13,937,138
1400000US44007003602,44007003602,"Census Tract 36.02, Providence County, Rhode Island",1644,226,312,182,69,54,26,41,0,18,169,186,37,49,1031,188
1400000US44007003700,44007003700,"Census Tract 37, Providence County, Rhode Island",3448,340,392,154,387,202,229,141,126,71,169,102,0,13,2145,287
1400000US44007010101,44007010101,"Census Tract 101.01, Providence County, Rhode Island",3987,271,158,154,140,99,37,35,160,127,257,108,141,192,3094,356
1400000US44007010102,44007010102,"Census Tract 101.02, Providence County, Rhode Island",3546,199,10,13,122,83,83,59,165,98,267,168,59,44,2840,259
1400000US44007010200,44007010200,"Census Tract 102, Providence County, Rhode Island",6906,517,178,121,697,435,568,352,300,186,489,285,339,249,4335,512
1400000US44007010300,44007010300,"Census Tract 103, Providence County, Rhode Island",4197,497,138,117,260,152,266,164,114,78,245,137,24,22,3150,596
1400000US44007010400,44007010400,"Census Tract 104, Providence County, Rhode Island",6595,462,435,374,378,173,418,248,496,275,423,286,55,67,4390,491
1400000US44007010501,44007010501,"Census Tract 105.01, Providence County, Rhode Island",4444,305,271,148,451,218,119,104,126,90,255,129,208,189,3014,409
1400000US44007010502,44007010502,"Census Tract 105.02, Providence County, Rhode Island",4471,276,111,88,161,104,90,76,178,149,269,153,160,141,3502,310
1400000US44007010600,44007010600,"Census Tract 106, Providence County, Rhode Island",5793,481,285,235,432,198,511,373,351,204,417,199,63,62,3734,494
1400000US44007010701,44007010701,"Census Tract 107.01, Providence County, Rhode Island",2308,195,9,15,164,114,63,42,5,14,97,54,135,121,1835,205
1400000US44007010702,44007010702,"Census Tract 107.02, Providence County, Rhode Island",4165,187,95,73,281,178,50,52,99,72,319,194,33,31,3288,276
1400000US44007010800,44007010800,"Census Tract 108, Providence County, Rhode Island",4152,528,481,218,873,253,438,221,659,285,321,234,120,115,1260,356
1400000US44007010900,44007010900,"Census Tract 109, Providence County, Rhode Island",4895,626,415,178,874,433,186,109,300,237,716,300,394,375,2010,483
1400000US44007011000,44007011000,"Census Tract 110, Providence County, Rhode Island",5353,484,582,283,949,327,302,232,656,329,505,273,313,211,2046,408
1400000US44007011100,44007011100,"Census Tract 111, Providence County, Rhode Island",4574,644,977,431,613,269,258,162,157,161,622,380,65,70,1882,488
1400000US44007011200,44007011200,"Census Tract 112, Providence County, Rhode Island",5427,335,32,26,522,297,148,115,143,108,386,340,324,273,3872,432
1400000US44007011301,44007011301,"Census Tract 113.01, Providence County, Rhode Island",4404,333,105,90,229,213,23,31,115,78,191,88,139,99,3602,303
1400000US44007011302,44007011302,"Census Tract 113.02, Providence County, Rhode Island",4031,219,91,103,24,21,29,29,14,15,178,109,0,13,3695,231
1400000US44007011401,44007011401,"Census Tract 114.01, Providence County, Rhode Island",7906,348,108,84,68,50,341,276,267,154,268,173,186,182,6668,381
1400000US44007011402,44007011402,"Census Tract 114.02, Providence County, Rhode Island",4133,190,35,28,29,38,31,36,100,110,269,273,19,31,3650,336
1400000US44007011403,44007011403,"Census Tract 114.03, Providence County, Rhode Island",7412,318,129,102,142,81,121,87,45,40,346,261,82,82,6547,419
1400000US44007011500,44007011500,"Census Tract 115, Providence County, Rhode Island",5910,426,182,132,338,248,346,375,149,161,367,309,92,94,4436,509
1400000US44007011600,44007011600,"Census Tract 116, Providence County, Rhode Island",6177,295,44,43,90,81,53,45,225,181,90,76,82,80,5593,352
1400000US44007011701,44007011701,"Census Tract 117.01, Providence County, Rhode Island",4688,349,173,243,214,117,89,68,0,13,234,159,90,83,3888,345
1400000US44007011702,44007011702,"Census Tract 117.02, Providence County, Rhode Island",4209,335,45,39,69,48,99,73,62,42,79,58,9,14,3846,369
1400000US44007011800,44007011800,"Census Tract 118, Providence County, Rhode Island",6483,477,453,341,392,188,97,61,314,267,488,313,142,146,4597,542
1400000US44007011901,44007011901,"Census Tract 119.01, Providence County, Rhode Island",3031,315,160,116,275,200,20,22,99,92,405,192,13,22,2059,407
1400000US44007011902,44007011902,"Census Tract 119.02, Providence County, Rhode Island",4761,353,84,63,191,146,115,89,127,88,415,263,116,110,3713,421
1400000US44007012000,44007012000,"Census Tract 120, Providence County, Rhode Island",6228,377,216,126,131,176,149,165,116,94,692,316,64,55,4860,458
1400000US44007012102,44007012102,"Census Tract 121.02, Providence County, Rhode Island",4093,359,170,100,538,319,311,267,144,136,144,69,273,219,2513,445
1400000US44007012103,44007012103,"Census Tract 121.03, Providence County, Rhode Island",2772,342,32,32,154,96,200,124,262,117,151,143,39,46,1934,399
1400000US44007012104,44007012104,"Census Tract 121.04, Providence County, Rhode Island",4324,282,191,182,439,177,107,90,119,92,369,186,84,68,3015,348
1400000US44007012200,44007012200,"Census Tract 122, Providence County, Rhode Island",7208,423,302,209,185,142,49,38,358,328,223,145,176,158,5915,548
1400000US44007012300,44007012300,"Census Tract 123, Providence County, Rhode Island",6469,449,275,188,259,209,204,139,161,124,311,209,162,157,5097,587
1400000US44007012401,44007012401,"Census Tract 124.01, Providence County, Rhode Island",6884,539,190,110,95,76,166,94,283,170,622,361,104,139,5424,622
1400000US44007012402,44007012402,"Census Tract 124.02, Providence County, Rhode Island",2863,539,12,19,68,60,108,131,157,133,147,108,24,37,2347,608
1400000US44007012500,44007012500,"Census Tract 125, Providence County, Rhode Island",4880,391,434,246,704,322,281,133,187,130,468,336,131,125,2675,400
1400000US44007012601,44007012601,"Census Tract 126.01, Providence County, Rhode Island",1635,116,22,25,19,13,5,8,0,13,27,28,59,51,1503,103
1400000US44007012602,44007012602,"Census Tract 126.02, Providence County, Rhode Island",6616,348,139,84,139,100,367,265,301,203,223,194,102,88,5345,492
1400000US44007012701,44007012701,"Census Tract 127.01, Providence County, Rhode Island",5098,397,24,29,79,67,172,187,114,78,110,103,52,51,4547,462
1400000US44007012702,44007012702,"Census Tract 127.02, Providence County, Rhode Island",4661,221,122,108,128,75,53,36,89,67,103,79,81,73,4085,271
1400000US44007012801,44007012801,"Census Tract 128.01, Providence County, Rhode Island",3980,254,66,94,108,86,12,19,34,33,146,93,107,80,3507,322
1400000US44007012802,44007012802,"Census Tract 128.02, Providence County, Rhode Island",2398,159,40,38,112,79,28,24,73,51,67,45,67,97,2011,165
1400000US44007012803,44007012803,"Census Tract 128.03, Providence County, Rhode Island",5099,291,74,61,115,107,16,22,88,87,103,71,38,43,4665,291
1400000US44007012900,44007012900,"Census Tract 129, Providence County, Rhode Island",5006,404,109,106,360,212,374,243,288,215,256,176,94,110,3525,500
1400000US44007013001,44007013001,"Census Tract 130.01, Providence County, Rhode Island",3561,330,70,69,63,43,83,59,92,82,30,28,21,35,3202,318
1400000US44007013002,44007013002,"Census Tract 130.02, Providence County, Rhode Island",6955,394,94,82,341,296,138,120,355,212,475,256,144,112,5408,503
1400000US44007013101,44007013101,"Census Tract 131.01, Providence County, Rhode Island",4688,254,80,92,164,108,26,39,125,96,118,88,154,96,4021,307
1400000US44007013102,44007013102,"Census Tract 131.02, Providence County, Rhode Island",5094,254,10,16,140,109,240,232,326,273,144,172,20,35,4214,463
1400000US44007013201,44007013201,"Census Tract 132.01, Providence County, Rhode Island",4697,277,47,47,152,182,102,93,193,147,424,229,108,83,3671,338
1400000US44007013202,44007013202,"Census Tract 132.02, Providence County, Rhode Island",5603,277,18,30,132,94,36,42,125,97,286,239,98,153,4908,404
1400000US44007013300,44007013300,"Census Tract 133, Providence County, Rhode Island",4581,23,81,55,74,91,88,58,285,273,106,79,58,48,3889,301
1400000US44007013400,44007013400,"Census Tract 134, Providence County, Rhode Island",3882,257,265,204,170,114,113,84,24,28,76,47,7,11,3227,260
1400000US44007013500,44007013500,"Census Tract 135, Providence County, Rhode Island",4481,483,482,310,329,214,45,45,382,266,230,200,248,239,2765,538
1400000US44007013600,44007013600,"Census Tract 136, Providence County, Rhode Island",3094,274,205,142,142,125,52,46,33,40,160,123,141,106,2361,325
1400000US44007013701,44007013701,"Census Tract 137.01, Providence County, Rhode Island",4007,400,214,142,478,278,136,110,177,168,165,115,134,100,2703,429
1400000US44007013702,44007013702,"Census Tract 137.02, Providence County, Rhode Island",2640,291,65,62,155,106,121,135,18,20,219,157,24,28,2038,337
1400000US44007013800,44007013800,"Census Tract 138, Providence County, Rhode Island",4510,303,119,102,194,132,121,120,64,64,197,163,85,105,3730,420
1400000US44007013900,44007013900,"Census Tract 139, Providence County, Rhode Island",2750,199,29,37,237,118,143,69,134,109,144,91,20,23,2043,252
1400000US44007014000,44007014000,"Census Tract 140, Providence County, Rhode Island",5781,534,161,134,406,334,298,228,477,288,443,387,116,172,3880,521
1400000US44007014100,44007014100,"Census Tract 141, Providence County, Rhode Island",4553,483,440,309,628,247,221,128,91,81,473,325,87,77,2613,515
1400000US44007014200,44007014200,"Census Tract 142, Providence County, Rhode Island",2200,197,32,35,117,107,49,51,19,19,134,102,76,71,1773,243
1400000US44007014300,44007014300,"Census Tract 143, Providence County, Rhode Island",4798,270,43,40,83,99,343,333,275,156,150,91,80,104,3824,416
1400000US44007014400,44007014400,"Census Tract 144, Providence County, Rhode Island",3864,254,50,39,205,120,71,56,261,183,210,125,42,42,3025,300
1400000US44007014501,44007014501,"Census Tract 145.01, Providence County, Rhode Island",5323,214,7,13,35,36,150,150,4,9,13,21,118,143,4996,289
1400000US44007014502,44007014502,"Census Tract 145.02, Providence County, Rhode Island",4170,305,73,59,440,212,87,67,147,112,278,215,121,140,3024,278
1400000US44007014600,44007014600,"Census Tract 146, Providence County, Rhode Island",7152,521,31,42,100,125,205,224,0,18,157,106,47,55,6612,550
1400000US44007014700,44007014700,"Census Tract 147, Providence County, Rhode Island",6874,663,401,271,807,441,389,241,479,324,800,370,397,337,3601,701
1400000US44007014800,44007014800,"Census Tract 148, Providence County, Rhode Island",5371,337,269,143,107,125,107,90,84,63,150,96,258,159,4396,435
1400000US44007015000,44007015000,"Census Tract 150, Providence County, Rhode Island",4909,440,83,76,845,422,133,110,318,207,303,184,131,136,3096,497
1400000US44007015100,44007015100,"Census Tract 151, Providence County, Rhode Island",4319,501,501,228,745,257,586,316,237,188,331,169,136,154,1783,431
1400000US44007015200,44007015200,"Census Tract 152, Providence County, Rhode Island",2300,333,319,225,840,241,172,83,230,115,338,255,42,35,359,166
1400000US44007015300,44007015300,"Census Tract 153, Providence County, Rhode Island",1835,194,254,117,252,160,261,162,44,29,153,128,10,15,861,220
1400000US44007015400,44007015400,"Census Tract 154, Providence County, Rhode Island",2431,291,198,173,326,141,43,51,299,168,340,198,315,236,910,277
1400000US44007015500,44007015500,"Census Tract 155, Providence County, Rhode Island",4503,402,307,196,225,193,423,327,323,185,301,235,83,102,2841,546
1400000US44007015600,44007015600,"Census Tract 156, Providence County, Rhode Island",2467,332,130,85,129,89,36,35,93,81,342,249,114,95,1623,361
1400000US44007015700,44007015700,"Census Tract 157, Providence County, Rhode Island",3613,340,75,92,89,86,142,126,149,109,306,197,33,39,2819,314
1400000US44007015800,44007015800,"Census Tract 158, Providence County, Rhode Island",4037,368,96,78,256,241,144,137,30,37,307,156,8,15,3196,427
1400000US44007015900,44007015900,"Census Tract 159, Providence County, Rhode Island",2843,490,144,91,86,77,34,54,188,164,329,261,91,118,1971,423
1400000US44007016000,44007016000,"Census Tract 160, Providence County, Rhode Island",2860,291,268,174,578,265,205,189,274,188,273,155,91,74,1171,309
1400000US44007016100,44007016100,"Census Tract 161, Providence County, Rhode Island",4692,518,578,330,1088,331,223,135,220,167,162,127,299,277,2122,453
1400000US44007016300,44007016300,"Census Tract 163, Providence County, Rhode Island",2767,201,163,145,81,58,72,69,71,79,274,167,138,121,1968,275
1400000US44007016400,44007016400,"Census Tract 164, Providence County, Rhode Island",4063,359,405,183,715,315,337,218,193,99,327,146,398,214,1688,334
1400000US44007016500,44007016500,"Census Tract 165, Providence County, Rhode Island",3810,271,212,162,249,104,51,66,21,24,185,138,49,39,3043,337
1400000US44007016600,44007016600,"Census Tract 166, Providence County, Rhode Island",1748,228,348,233,305,152,62,52,96,117,45,41,21,35,871,234
1400000US44007016700,44007016700,"Census Tract 167, Providence County, Rhode Island",2574,380,227,193,249,159,185,178,187,165,243,139,72,75,1411,311
1400000US44007016800,44007016800,"Census Tract 168, Providence County, Rhode Island",3335,272,84,92,73,90,64,78,98,116,502,267,0,13,2514,308
1400000US44007016900,44007016900,"Census Tract 169, Providence County, Rhode Island",2163,222,87,65,122,124,135,149,18,22,11,13,25,35,1765,228
1400000US44007017000,44007017000,"Census Tract 170, Providence County, Rhode Island",4196,456,184,97,161,132,448,352,193,120,270,148,117,111,2823,393
1400000US44007017100,44007017100,"Census Tract 171, Providence County, Rhode Island",5084,434,665,367,465,284,311,206,397,269,428,257,204,213,2614,497
1400000US44007017300,44007017300,"Census Tract 173, Providence County, Rhode Island",3512,378,349,256,266,182,127,87,155,114,285,176,47,61,2283,337
1400000US44007017400,44007017400,"Census Tract 174, Providence County, Rhode Island",4044,441,671,288,962,352,297,241,204,229,175,136,32,52,1703,325
1400000US44007017500,44007017500,"Census Tract 175, Providence County, Rhode Island",3554,366,208,130,218,170,69,59,183,120,203,101,23,29,2650,407
1400000US44007017600,44007017600,"Census Tract 176, Providence County, Rhode Island",2565,344,287,205,314,202,60,61,58,37,267,128,349,279,1230,341
1400000US44007017700,44007017700,"Census Tract 177, Providence County, Rhode Island",3483,415,179,100,133,135,283,271,292,261,167,107,90,81,2339,315
1400000US44007017800,44007017800,"Census Tract 178, Providence County, Rhode Island",2459,314,353,237,295,224,104,83,54,50,260,148,44,51,1349,330
1400000US44007017900,44007017900,"Census Tract 179, Providence County, Rhode Island",3087,420,438,266,606,375,296,234,337,184,234,128,151,192,1025,320
1400000US44007018000,44007018000,"Census Tract 180, Providence County, Rhode Island",2697,310,602,242,737,225,207,90,154,101,174,101,30,34,793,314
1400000US44007018100,44007018100,"Census Tract 181, Providence County, Rhode Island",2672,408,129,103,326,145,377,273,74,60,153,128,145,127,1468,436
1400000US44007018200,44007018200,"Census Tract 182, Providence County, Rhode Island",2398,315,171,131,272,114,167,180,115,102,98,97,143,191,1432,301
1400000US44007018300,44007018300,"Census Tract 183, Providence County, Rhode Island",1687,340,286,169,335,281,306,240,88,83,54,39,130,187,488,161
1400000US44007018400,44007018400,"Census Tract 184, Providence County, Rhode Island",5564,535,564,353,707,494,110,80,209,305,175,118,176,92,3623,557
1400000US44007018500,44007018500,"Census Tract 185, Providence County, Rhode Island",2604,364,272,138,181,113,61,78,26,34,107,103,16,26,1941,387
1400000US44009041500,44009041500,"Census Tract 415, Washington County, Rhode Island",859,136,21,25,54,49,0,13,28,22,3,5,0,13,753,132
1400000US44009050102,44009050102,"Census Tract 501.02, Washington County, Rhode Island",2154,181,31,25,150,142,74,65,77,93,58,58,0,13,1764,185
1400000US44009050103,44009050103,"Census Tract 501.03, Washington County, Rhode Island",5642,322,369,238,539,302,119,90,275,154,154,97,24,39,4162,451
1400000US44009050104,44009050104,"Census Tract 501.04, Washington County, Rhode Island",3925,217,145,137,34,29,38,39,6,10,53,60,40,38,3609,264
1400000US44009050301,44009050301,"Census Tract 503.01, Washington County, Rhode Island",4270,254,75,79,99,66,38,38,109,80,75,61,138,146,3736,318
1400000US44009050302,44009050302,"Census Tract 503.02, Washington County, Rhode Island",2584,190,109,73,152,95,47,37,56,49,265,141,18,28,1937,224
1400000US44009050401,44009050401,"Census Tract 504.01, Washington County, Rhode Island",4845,268,88,83,27,35,19,31,191,166,70,51,61,65,4389,349
1400000US44009050402,44009050402,"Census Tract 504.02, Washington County, Rhode Island",2764,194,54,66,25,26,6,10,26,31,116,114,226,172,2311,201
1400000US44009050500,44009050500,"Census Tract 505, Washington County, Rhode Island",6482,184,326,195,123,87,143,211,37,42,226,209,14,21,5613,344
1400000US44009050600,44009050600,"Census Tract 506, Washington County, Rhode Island",7573,93,182,194,148,124,71,56,203,143,190,152,0,18,6779,317
1400000US44009050700,44009050700,"Census Tract 507, Washington County, Rhode Island",8126,49,170,112,110,63,366,286,326,223,360,168,17,28,6777,417
1400000US44009050801,44009050801,"Census Tract 508.01, Washington County, Rhode Island",5954,467,531,342,382,269,61,59,250,153,419,226,78,55,4233,539
1400000US44009050802,44009050802,"Census Tract 508.02, Washington County, Rhode Island",3497,262,95,57,146,71,79,67,41,29,240,168,91,65,2805,249
1400000US44009050901,44009050901,"Census Tract 509.01, Washington County, Rhode Island",5616,386,64,61,156,95,120,110,289,229,612,330,58,57,4317,529
1400000US44009050902,44009050902,"Census Tract 509.02, Washington County, Rhode Island",5701,466,96,87,304,193,181,146,131,168,53,57,52,54,4884,562
1400000US44009051000,44009051000,"Census Tract 510, Washington County, Rhode Island",1705,183,72,46,22,23,0,13,24,23,28,44,20,30,1539,163
1400000US44009051101,44009051101,"Census Tract 511.01, Washington County, Rhode Island",4718,337,9,15,440,422,10,15,228,201,509,326,81,69,3441,441
1400000US44009051102,44009051102,"Census Tract 511.02, Washington County, Rhode Island",3105,334,120,81,248,237,2,4,96,91,111,93,30,33,2498,304
1400000US44009051201,44009051201,"Census Tract 512.01, Washington County, Rhode Island",4322,350,87,79,315,252,379,370,102,113,78,48,31,53,3330,374
1400000US44009051202,44009051202,"Census Tract 512.02, Washington County, Rhode Island",4403,353,105,93,191,127,304,308,106,123,160,127,231,294,3306,453
1400000US44009051302,44009051302,"Census Tract 513.02, Washington County, Rhode Island",4390,400,202,167,92,56,41,48,118,103,56,40,133,123,3748,409
1400000US44009051304,44009051304,"Census Tract 513.04, Washington County, Rhode Island",2020,130,0,13,60,65,0,13,60,54,25,22,96,91,1779,130
1400000US44009051305,44009051305,"Census Tract 513.05, Washington County, Rhode Island",3805,357,102,79,191,127,55,39,186,138,165,135,0,13,3106,321
1400000US44009051306,44009051306,"Census Tract 513.06, Washington County, Rhode Island",6007,387,108,96,127,91,48,61,184,154,62,99,80,124,5398,407
1400000US44009051400,44009051400,"Census Tract 514, Washington County, Rhode Island",638,297,163,175,78,70,61,72,11,16,79,124,17,25,229,99
1400000US44009051502,44009051502,"Census Tract 515.02, Washington County, Rhode Island",6707,502,206,131,260,165,52,82,131,146,209,150,78,107,5771,528
1400000US44009051503,44009051503,"Census Tract 515.03, Washington County, Rhode Island",4335,395,640,333,150,96,195,157,181,109,172,120,78,64,2919,353
1400000US44009051504,44009051504,"Census Tract 515.04, Washington County, Rhode Island",4723,642,850,557,392,215,88,75,31,35,175,136,80,84,3107,428
1400000US44009990100,44009990100,"Census Tract 9901, Washington County, Rhode Island",0,13,0,13,0,13,0,13,0,13,0,13,0,13,0,13
1400000US44009990200,44009990200,"Census Tract 9902, Washington County, Rhode Island",0,13,0,13,0,13,0,13,0,13,0,13,0,13,0,13
