GEO.id,GEO.id2,GEO.display-label,HD01_VD01,HD02_VD01,HD01_VD02,HD02_VD02,HD01_VD03,HD02_VD03,HD01_VD04,HD02_VD04,HD01_VD05,HD02_VD05,HD01_VD06,HD02_VD06,HD01_VD07,HD02_VD07,HD01_VD08,HD02_VD08,HD01_VD09,HD02_VD09,HD01_VD10,HD02_VD10,HD01_VD11,HD02_VD11,HD01_VD12,HD02_VD12,HD01_VD13,HD02_VD13
Id,Id2,Geography,Estimate; Total:,Margin of Error; Total:,Estimate; Total: - Under .50,Margin of Error; Total: - Under .50,Estimate; Total: - .50 to .74,Margin of Error; Total: - .50 to .74,Estimate; Total: - .75 to .99,Margin of Error; Total: - .75 to .99,Estimate; Total: - 1.00 to 1.24,Margin of Error; Total: - 1.00 to 1.24,Estimate; Total: - 1.25 to 1.49,Margin of Error; Total: - 1.25 to 1.49,Estimate; Total: - 1.50 to 1.74,Margin of Error; Total: - 1.50 to 1.74,Estimate; Total: - 1.75 to 1.84,Margin of Error; Total: - 1.75 to 1.84,Estimate; Total: - 1.85 to 1.99,Margin of Error; Total: - 1.85 to 1.99,Estimate; Total: - 2.00 to 2.99,Margin of Error; Total: - 2.00 to 2.99,Estimate; Total: - 3.00 to 3.99,Margin of Error; Total: - 3.00 to 3.99,Estimate; Total: - 4.00 to 4.99,Margin of Error; Total: - 4.00 to 4.99,Estimate; Total: - 5.00 and over,Margin of Error; Total: - 5.00 and over
1400000US44001030100,44001030100,"Census Tract 301, Bristol County, Rhode Island",1243,81,7,12,0,13,0,13,43,51,0,13,27,26,9,14,9,15,121,73,156,66,148,71,723,114
1400000US44001030200,44001030200,"Census Tract 302, Bristol County, Rhode Island",890,68,22,26,0,13,0,13,9,14,13,16,54,46,43,41,5,8,48,33,110,58,162,53,424,76
1400000US44001030300,44001030300,"Census Tract 303, Bristol County, Rhode Island",1281,96,0,13,36,42,0,13,0,13,80,61,10,15,0,13,0,13,51,36,157,60,200,63,747,106
1400000US44001030400,44001030400,"Census Tract 304, Bristol County, Rhode Island",1095,63,9,15,0,13,0,13,0,13,0,13,12,17,0,13,0,13,40,34,54,34,66,48,914,78
1400000US44001030500,44001030500,"Census Tract 305, Bristol County, Rhode Island",703,114,31,39,9,16,35,39,32,35,37,28,9,15,0,13,40,35,88,57,205,77,50,29,167,61
1400000US44001030601,44001030601,"Census Tract 306.01, Bristol County, Rhode Island",1087,92,0,13,31,30,28,42,69,53,11,13,59,40,7,11,27,28,136,68,67,38,146,71,506,91
1400000US44001030602,44001030602,"Census Tract 306.02, Bristol County, Rhode Island",989,106,0,13,41,52,14,18,25,40,15,17,24,18,22,19,28,23,161,76,198,79,119,61,342,99
1400000US44001030700,44001030700,"Census Tract 307, Bristol County, Rhode Island",781,158,58,52,0,13,62,60,28,32,0,13,14,21,29,35,58,49,100,73,143,85,65,50,224,97
1400000US44001030800,44001030800,"Census Tract 308, Bristol County, Rhode Island",1079,135,21,28,12,20,7,12,0,18,33,50,75,51,0,18,22,24,109,62,185,77,119,62,496,130
1400000US44001030901,44001030901,"Census Tract 309.01, Bristol County, Rhode Island",1763,128,45,43,0,18,0,18,13,21,15,23,77,47,49,58,14,23,172,79,195,96,183,85,1000,157
1400000US44001030902,44001030902,"Census Tract 309.02, Bristol County, Rhode Island",2002,157,30,36,30,30,63,50,7,12,30,34,28,32,17,28,30,47,166,80,307,119,381,147,913,186
1400000US44003020101,44003020101,"Census Tract 201.01, Kent County, Rhode Island",1572,155,13,21,12,20,36,40,14,22,11,18,37,34,26,31,22,25,83,52,257,123,156,68,905,111
1400000US44003020102,44003020102,"Census Tract 201.02, Kent County, Rhode Island",1231,191,0,13,32,44,43,59,14,20,49,76,51,48,5,11,9,14,247,136,299,138,78,59,404,160
1400000US44003020200,44003020200,"Census Tract 202, Kent County, Rhode Island",1348,144,75,72,18,29,14,23,0,18,37,41,8,14,44,61,192,98,307,110,190,98,89,58,374,117
1400000US44003020300,44003020300,"Census Tract 203, Kent County, Rhode Island",1243,195,100,84,47,52,122,107,26,22,101,86,31,27,16,26,27,30,263,113,108,68,216,108,186,77
1400000US44003020400,44003020400,"Census Tract 204, Kent County, Rhode Island",594,98,24,22,0,13,58,36,0,13,0,13,16,19,38,56,38,48,127,57,57,34,66,47,170,71
1400000US44003020500,44003020500,"Census Tract 205, Kent County, Rhode Island",1174,137,30,27,0,13,37,48,20,22,39,51,0,13,0,13,50,46,184,98,149,69,218,98,447,95
1400000US44003020601,44003020601,"Census Tract 206.01, Kent County, Rhode Island",1710,130,0,18,110,79,68,69,30,32,18,29,51,43,15,23,0,18,175,80,264,102,271,100,708,152
1400000US44003020602,44003020602,"Census Tract 206.02, Kent County, Rhode Island",886,111,54,48,9,14,51,67,0,13,55,40,18,20,36,31,16,26,92,52,163,73,131,54,261,69
1400000US44003020603,44003020603,"Census Tract 206.03, Kent County, Rhode Island",1776,151,23,31,0,18,15,22,15,23,111,98,12,20,69,78,0,18,483,159,227,73,229,109,592,142
1400000US44003020604,44003020604,"Census Tract 206.04, Kent County, Rhode Island",1407,164,141,123,17,29,13,22,33,30,0,13,146,99,36,41,0,13,215,116,193,85,227,110,386,120
1400000US44003020701,44003020701,"Census Tract 207.01, Kent County, Rhode Island",545,78,0,13,14,23,15,18,18,27,6,7,0,13,0,13,6,9,100,39,113,72,45,30,228,77
1400000US44003020702,44003020702,"Census Tract 207.02, Kent County, Rhode Island",1255,101,23,21,13,19,12,19,26,24,44,44,19,22,12,18,6,9,118,58,233,69,153,55,596,101
1400000US44003020703,44003020703,"Census Tract 207.03, Kent County, Rhode Island",1825,118,21,33,0,18,50,52,37,44,11,18,19,23,28,32,23,27,182,84,238,128,321,120,895,152
1400000US44003020800,44003020800,"Census Tract 208, Kent County, Rhode Island",1747,113,37,48,37,61,4,11,45,53,21,24,0,18,0,18,49,61,165,69,320,116,291,98,778,158
1400000US44003020901,44003020901,"Census Tract 209.01, Kent County, Rhode Island",800,95,20,23,0,13,25,28,41,45,8,12,50,54,0,13,0,13,57,42,110,71,75,48,414,79
1400000US44003020903,44003020903,"Census Tract 209.03, Kent County, Rhode Island",1747,124,40,39,12,20,24,37,0,18,0,18,11,18,0,18,18,20,184,89,147,90,115,57,1196,172
1400000US44003020904,44003020904,"Census Tract 209.04, Kent County, Rhode Island",1002,82,13,12,0,13,16,25,10,16,0,13,18,20,0,13,0,13,84,47,98,48,80,46,683,83
1400000US44003021001,44003021001,"Census Tract 210.01, Kent County, Rhode Island",690,130,0,13,0,13,25,32,48,60,46,58,5,8,5,9,114,85,109,81,73,49,118,61,147,60
1400000US44003021002,44003021002,"Census Tract 210.02, Kent County, Rhode Island",1226,126,28,33,12,20,13,21,12,20,45,45,0,18,48,69,55,52,63,53,263,115,251,90,436,113
1400000US44003021100,44003021100,"Census Tract 211, Kent County, Rhode Island",1311,163,0,18,0,18,11,19,52,69,0,18,31,36,22,33,14,22,353,195,251,102,254,136,323,127
1400000US44003021200,44003021200,"Census Tract 212, Kent County, Rhode Island",865,112,21,35,0,13,17,20,77,64,29,33,29,24,47,46,10,19,85,58,158,68,126,59,266,69
1400000US44003021300,44003021300,"Census Tract 213, Kent County, Rhode Island",1258,161,39,58,0,13,0,13,12,19,29,31,0,13,34,39,16,26,288,117,130,86,236,118,474,110
1400000US44003021401,44003021401,"Census Tract 214.01, Kent County, Rhode Island",1074,103,22,25,11,18,10,17,20,24,74,51,11,16,46,57,33,29,178,88,200,77,111,59,358,79
1400000US44003021402,44003021402,"Census Tract 214.02, Kent County, Rhode Island",982,126,14,17,30,43,19,23,47,63,30,29,18,18,11,18,0,13,217,83,119,51,170,66,307,100
1400000US44003021501,44003021501,"Census Tract 215.01, Kent County, Rhode Island",818,100,13,21,33,30,55,40,15,14,43,35,3,10,13,21,0,13,123,56,129,56,133,49,258,90
1400000US44003021502,44003021502,"Census Tract 215.02, Kent County, Rhode Island",1102,112,40,36,10,16,30,30,16,25,64,46,14,15,19,21,0,13,182,87,217,72,144,58,366,99
1400000US44003021600,44003021600,"Census Tract 216, Kent County, Rhode Island",454,63,0,13,6,10,0,13,0,13,0,13,8,13,0,13,0,13,26,28,55,42,60,31,299,67
1400000US44003021700,44003021700,"Census Tract 217, Kent County, Rhode Island",1347,180,27,34,10,16,116,96,88,79,70,63,0,13,13,19,52,42,270,111,225,97,65,49,411,125
1400000US44003021800,44003021800,"Census Tract 218, Kent County, Rhode Island",1031,93,10,17,17,20,0,13,33,48,18,19,0,13,0,13,24,23,93,47,265,88,278,81,293,81
1400000US44003021901,44003021901,"Census Tract 219.01, Kent County, Rhode Island",1008,101,0,13,9,15,0,13,0,13,22,25,51,40,26,43,13,20,165,67,171,81,83,49,468,98
1400000US44003021902,44003021902,"Census Tract 219.02, Kent County, Rhode Island",624,82,21,24,20,22,32,37,0,13,30,28,35,33,24,25,0,13,90,67,70,37,106,53,196,84
1400000US44003021903,44003021903,"Census Tract 219.03, Kent County, Rhode Island",1033,116,13,20,0,13,32,39,0,13,35,31,34,37,0,13,6,11,82,59,245,83,122,76,464,101
1400000US44003022000,44003022000,"Census Tract 220, Kent County, Rhode Island",826,128,7,11,32,40,0,13,74,79,32,37,31,28,42,41,13,16,108,51,124,74,127,65,236,83
1400000US44003022100,44003022100,"Census Tract 221, Kent County, Rhode Island",1498,156,46,47,0,18,28,34,30,32,13,21,52,39,0,18,14,22,213,115,270,101,273,122,559,155
1400000US44003022201,44003022201,"Census Tract 222.01, Kent County, Rhode Island",1736,143,0,18,39,64,0,18,0,18,67,79,20,30,0,18,0,18,146,91,115,68,242,109,1107,141
1400000US44003022202,44003022202,"Census Tract 222.02, Kent County, Rhode Island",978,164,18,29,0,13,17,26,12,20,6,12,27,26,16,25,0,13,200,86,113,82,173,114,396,121
1400000US44003022300,44003022300,"Census Tract 223, Kent County, Rhode Island",764,126,11,17,11,17,0,13,28,34,12,19,43,50,56,45,0,13,72,51,139,87,89,63,303,114
1400000US44003022400,44003022400,"Census Tract 224, Kent County, Rhode Island",550,76,0,13,0,13,0,13,20,22,10,15,10,15,16,17,0,13,50,26,84,38,134,53,226,54
1400000US44003980000,44003980000,"Census Tract 9800, Kent County, Rhode Island",0,13,0,13,0,13,0,13,0,13,0,13,0,13,0,13,0,13,0,13,0,13,0,13,0,13
1400000US44005040101,44005040101,"Census Tract 401.01, Newport County, Rhode Island",1482,158,24,28,26,31,15,23,9,16,36,41,16,25,34,37,17,26,125,78,337,131,227,82,616,150
1400000US44005040102,44005040102,"Census Tract 401.02, Newport County, Rhode Island",1608,131,72,79,0,18,13,21,14,22,24,26,37,35,0,18,12,18,194,99,136,68,171,77,935,136
1400000US44005040103,44005040103,"Census Tract 401.03, Newport County, Rhode Island",1657,174,20,31,37,42,13,21,41,60,11,19,14,22,0,18,31,38,142,96,212,107,203,87,933,155
1400000US44005040200,44005040200,"Census Tract 402, Newport County, Rhode Island",382,86,3,7,28,43,10,13,0,13,33,38,18,22,0,13,0,13,43,33,107,65,90,52,50,31
1400000US44005040302,44005040302,"Census Tract 403.02, Newport County, Rhode Island",703,101,0,13,10,17,0,13,13,20,16,19,6,11,17,20,47,56,71,55,94,43,173,77,256,86
1400000US44005040303,44005040303,"Census Tract 403.03, Newport County, Rhode Island",926,121,46,40,24,38,12,20,0,13,66,56,70,63,82,86,15,20,84,49,156,104,69,46,302,61
1400000US44005040304,44005040304,"Census Tract 403.04, Newport County, Rhode Island",712,89,10,17,7,11,57,48,0,13,31,45,8,12,0,13,10,16,62,46,105,39,110,63,312,56
1400000US44005040400,44005040400,"Census Tract 404, Newport County, Rhode Island",1687,141,58,70,0,18,0,18,0,18,10,16,0,18,0,18,54,59,128,75,252,95,359,110,826,144
1400000US44005040500,44005040500,"Census Tract 405, Newport County, Rhode Island",1384,177,56,40,62,54,88,63,114,72,56,61,185,80,4,8,117,106,179,76,88,56,126,100,309,111
1400000US44005040600,44005040600,"Census Tract 406, Newport County, Rhode Island",940,205,4,17,0,13,0,13,0,13,0,13,15,25,0,13,42,66,169,137,140,95,16,26,554,118
1400000US44005040700,44005040700,"Census Tract 407, Newport County, Rhode Island",740,152,37,42,0,13,0,13,42,55,11,18,0,13,50,73,0,13,79,66,54,58,77,49,390,110
1400000US44005040800,44005040800,"Census Tract 408, Newport County, Rhode Island",468,113,9,14,0,13,0,13,51,65,45,54,0,13,0,13,0,13,81,63,18,24,55,42,209,79
1400000US44005040900,44005040900,"Census Tract 409, Newport County, Rhode Island",915,136,0,13,12,19,0,13,14,23,0,13,9,16,0,13,0,13,24,21,185,96,108,73,563,141
1400000US44005041000,44005041000,"Census Tract 410, Newport County, Rhode Island",251,81,0,13,0,13,8,12,17,22,0,13,0,13,0,13,0,13,22,20,57,34,45,55,102,43
1400000US44005041100,44005041100,"Census Tract 411, Newport County, Rhode Island",392,101,5,9,0,13,10,12,6,13,0,13,0,13,0,13,13,20,46,48,29,27,7,10,276,93
1400000US44005041200,44005041200,"Census Tract 412, Newport County, Rhode Island",107,60,4,6,0,13,13,19,4,6,24,30,0,13,5,7,0,13,27,39,21,20,9,13,0,13
1400000US44005041300,44005041300,"Census Tract 413, Newport County, Rhode Island",1630,121,132,100,20,25,12,23,0,18,6,13,7,13,11,18,0,18,112,94,158,106,241,107,931,165
1400000US44005041400,44005041400,"Census Tract 414, Newport County, Rhode Island",1029,64,11,15,9,15,8,12,0,13,11,18,29,26,17,21,0,13,156,67,39,29,72,45,677,91
1400000US44005041601,44005041601,"Census Tract 416.01, Newport County, Rhode Island",776,103,8,14,6,10,12,19,68,72,65,57,23,22,26,38,0,13,93,60,97,55,125,60,253,79
1400000US44005041602,44005041602,"Census Tract 416.02, Newport County, Rhode Island",1260,94,4,9,0,13,12,19,0,13,40,45,21,30,0,13,0,13,140,68,346,97,169,78,528,106
1400000US44005041701,44005041701,"Census Tract 417.01, Newport County, Rhode Island",933,82,0,13,0,13,23,33,7,13,20,23,27,24,9,14,12,15,82,49,217,94,110,68,426,117
1400000US44005041702,44005041702,"Census Tract 417.02, Newport County, Rhode Island",1550,144,37,56,0,18,35,45,42,36,11,19,111,102,31,36,30,32,114,60,207,78,223,102,709,125
1400000US44005990000,44005990000,"Census Tract 9900, Newport County, Rhode Island",0,13,0,13,0,13,0,13,0,13,0,13,0,13,0,13,0,13,0,13,0,13,0,13,0,13
1400000US44007000101,44007000101,"Census Tract 1.01, Providence County, Rhode Island",814,136,55,59,13,21,20,30,53,57,97,78,42,48,29,32,19,21,137,89,163,85,122,82,64,50
1400000US44007000102,44007000102,"Census Tract 1.02, Providence County, Rhode Island",1191,143,147,73,28,42,103,57,84,60,77,54,49,49,45,43,0,13,116,72,200,82,91,59,251,98
1400000US44007000200,44007000200,"Census Tract 2, Providence County, Rhode Island",1297,207,255,130,130,81,150,98,72,80,78,59,71,74,33,47,20,33,290,120,81,54,64,34,53,57
1400000US44007000300,44007000300,"Census Tract 3, Providence County, Rhode Island",1536,230,235,139,0,18,123,124,198,123,344,212,67,67,124,92,21,36,157,110,198,112,29,30,40,38
1400000US44007000400,44007000400,"Census Tract 4, Providence County, Rhode Island",836,102,94,66,106,70,161,78,7,12,58,42,65,52,21,34,59,52,172,70,40,38,12,17,41,39
1400000US44007000500,44007000500,"Census Tract 5, Providence County, Rhode Island",707,140,172,128,80,73,138,80,37,37,26,30,49,56,37,41,0,13,73,47,18,22,53,54,24,26
1400000US44007000600,44007000600,"Census Tract 6, Providence County, Rhode Island",413,72,82,59,0,13,24,41,52,44,35,40,24,27,10,16,17,26,55,45,28,33,30,39,56,40
1400000US44007000700,44007000700,"Census Tract 7, Providence County, Rhode Island",616,88,233,99,54,48,137,94,50,44,24,41,13,21,0,13,27,30,44,27,16,15,18,19,0,13
1400000US44007000800,44007000800,"Census Tract 8, Providence County, Rhode Island",303,76,45,50,6,13,21,23,23,25,14,15,16,18,0,13,0,13,43,32,31,39,0,13,104,57
1400000US44007000900,44007000900,"Census Tract 9, Providence County, Rhode Island",202,65,23,25,8,18,0,13,16,25,14,19,7,12,0,13,0,13,23,29,66,40,0,13,45,42
1400000US44007001000,44007001000,"Census Tract 10, Providence County, Rhode Island",478,131,15,21,56,61,0,13,76,68,11,25,0,13,0,13,0,13,169,103,65,69,69,63,17,19
1400000US44007001100,44007001100,"Census Tract 11, Providence County, Rhode Island",354,106,0,13,5,9,30,41,0,13,34,44,66,43,11,17,23,22,68,45,22,28,21,35,74,51
1400000US44007001200,44007001200,"Census Tract 12, Providence County, Rhode Island",621,96,138,77,102,60,89,58,57,44,71,52,16,25,9,15,4,11,68,61,0,13,0,13,67,42
1400000US44007001300,44007001300,"Census Tract 13, Providence County, Rhode Island",844,150,71,61,94,68,125,72,121,73,92,56,59,45,0,13,24,34,48,46,51,38,30,33,129,72
1400000US44007001400,44007001400,"Census Tract 14, Providence County, Rhode Island",1466,178,273,132,190,98,0,18,65,55,172,103,51,43,16,29,55,57,202,97,205,102,73,53,164,106
1400000US44007001500,44007001500,"Census Tract 15, Providence County, Rhode Island",676,93,18,22,18,28,11,21,0,13,28,31,17,25,53,34,57,42,161,73,179,81,63,47,71,51
1400000US44007001600,44007001600,"Census Tract 16, Providence County, Rhode Island",1850,187,146,79,160,104,128,107,189,116,139,75,237,99,62,62,25,41,340,116,188,122,64,53,172,82
1400000US44007001700,44007001700,"Census Tract 17, Providence County, Rhode Island",816,121,90,63,75,49,78,61,34,33,90,67,61,43,37,41,35,28,137,72,75,47,53,39,51,40
1400000US44007001800,44007001800,"Census Tract 18, Providence County, Rhode Island",1418,175,186,78,187,85,33,38,94,70,176,105,43,56,0,18,124,83,281,98,110,73,92,71,92,58
1400000US44007001900,44007001900,"Census Tract 19, Providence County, Rhode Island",1198,222,125,84,89,70,238,142,38,59,110,92,50,48,37,60,128,79,211,111,78,58,27,42,67,52
1400000US44007002000,44007002000,"Census Tract 20, Providence County, Rhode Island",1444,142,252,117,25,29,193,111,125,80,115,67,72,64,48,51,56,60,184,79,146,67,69,55,159,72
1400000US44007002101,44007002101,"Census Tract 21.01, Providence County, Rhode Island",603,127,49,56,35,48,0,13,23,29,41,66,50,53,33,49,4,7,102,57,65,40,61,66,140,71
1400000US44007002102,44007002102,"Census Tract 21.02, Providence County, Rhode Island",1238,218,175,107,13,21,19,30,94,81,87,75,49,35,56,69,111,120,233,142,144,111,51,55,206,133
1400000US44007002200,44007002200,"Census Tract 22, Providence County, Rhode Island",1085,165,153,79,119,73,79,60,70,54,82,53,36,46,39,44,55,47,271,102,124,71,36,41,21,32
1400000US44007002300,44007002300,"Census Tract 23, Providence County, Rhode Island",981,168,0,13,15,24,0,13,124,101,50,62,0,13,59,81,13,21,132,91,93,73,154,95,341,112
1400000US44007002400,44007002400,"Census Tract 24, Providence County, Rhode Island",1291,144,0,18,11,17,0,18,40,41,35,40,36,35,33,31,0,18,111,64,197,107,188,87,640,148
1400000US44007002500,44007002500,"Census Tract 25, Providence County, Rhode Island",485,115,72,58,43,49,38,46,31,43,66,47,24,32,0,13,0,13,54,55,37,43,24,38,96,60
1400000US44007002600,44007002600,"Census Tract 26, Providence County, Rhode Island",579,110,35,44,71,56,0,13,99,71,30,28,69,58,0,13,43,48,52,35,94,50,28,32,58,40
1400000US44007002700,44007002700,"Census Tract 27, Providence County, Rhode Island",898,141,163,79,160,81,68,46,58,52,30,35,51,37,0,18,72,51,147,82,39,37,69,47,41,38
1400000US44007002800,44007002800,"Census Tract 28, Providence County, Rhode Island",1367,217,175,131,116,93,50,80,114,94,158,129,73,59,76,88,69,78,165,85,148,83,52,61,171,133
1400000US44007002900,44007002900,"Census Tract 29, Providence County, Rhode Island",1611,201,104,68,135,101,49,62,12,20,12,19,143,90,16,26,47,56,255,119,446,146,216,107,176,121
1400000US44007003100,44007003100,"Census Tract 31, Providence County, Rhode Island",664,144,12,18,46,52,103,108,20,34,53,36,20,38,11,17,91,128,32,33,47,49,52,66,177,83
1400000US44007003200,44007003200,"Census Tract 32, Providence County, Rhode Island",648,118,11,19,0,13,0,13,0,13,92,81,0,13,5,7,0,13,44,48,57,36,120,65,319,75
1400000US44007003300,44007003300,"Census Tract 33, Providence County, Rhode Island",899,147,0,13,6,9,7,11,0,13,0,13,39,42,0,13,21,24,13,16,196,100,75,50,542,136
1400000US44007003400,44007003400,"Census Tract 34, Providence County, Rhode Island",1398,181,41,66,12,19,10,18,0,18,0,18,0,18,0,18,44,69,146,75,85,56,35,31,1025,158
1400000US44007003500,44007003500,"Census Tract 35, Providence County, Rhode Island",781,171,0,13,19,30,0,13,0,13,0,13,53,56,0,13,27,40,0,13,31,33,102,80,549,174
1400000US44007003601,44007003601,"Census Tract 36.01, Providence County, Rhode Island",266,72,16,26,33,53,0,13,0,13,0,13,6,11,0,13,0,13,0,13,17,21,20,34,174,54
1400000US44007003602,44007003602,"Census Tract 36.02, Providence County, Rhode Island",358,69,0,18,0,18,0,18,0,18,0,18,0,18,29,43,19,25,9,14,38,48,17,19,246,74
1400000US44007003700,44007003700,"Census Tract 37, Providence County, Rhode Island",464,111,11,18,11,19,0,13,0,13,0,13,19,19,17,24,0,13,97,75,60,48,63,48,186,78
1400000US44007010101,44007010101,"Census Tract 101.01, Providence County, Rhode Island",984,98,21,27,9,14,17,18,0,13,55,57,43,25,9,14,24,35,152,65,96,53,173,66,385,97
1400000US44007010102,44007010102,"Census Tract 101.02, Providence County, Rhode Island",912,74,0,13,0,13,7,13,10,16,10,16,23,18,46,46,10,16,115,70,86,44,96,55,509,86
1400000US44007010200,44007010200,"Census Tract 102, Providence County, Rhode Island",1743,178,28,32,112,92,0,18,136,103,51,36,42,40,40,67,104,80,447,160,174,94,203,92,406,122
1400000US44007010300,44007010300,"Census Tract 103, Providence County, Rhode Island",1053,130,27,44,21,25,19,22,51,58,23,20,28,33,16,17,0,13,327,95,121,60,285,109,135,56
1400000US44007010400,44007010400,"Census Tract 104, Providence County, Rhode Island",1659,160,79,88,43,41,37,43,135,98,76,51,26,30,40,54,7,13,395,151,378,129,118,77,325,134
1400000US44007010501,44007010501,"Census Tract 105.01, Providence County, Rhode Island",1257,113,90,63,60,43,51,49,36,38,37,42,57,39,38,39,49,49,188,76,262,86,130,69,259,76
1400000US44007010502,44007010502,"Census Tract 105.02, Providence County, Rhode Island",1026,120,0,13,0,13,29,34,18,27,41,64,52,42,35,38,30,33,164,76,95,53,199,94,363,112
1400000US44007010600,44007010600,"Census Tract 106, Providence County, Rhode Island",1324,179,29,44,34,37,13,22,78,74,59,47,86,71,27,33,16,27,121,73,179,79,235,102,447,141
1400000US44007010701,44007010701,"Census Tract 107.01, Providence County, Rhode Island",579,64,0,13,9,14,37,32,9,14,3,8,5,7,5,10,39,33,100,65,84,57,85,42,203,69
1400000US44007010702,44007010702,"Census Tract 107.02, Providence County, Rhode Island",988,101,12,21,20,23,17,29,9,11,22,23,21,27,49,36,0,13,127,71,217,75,134,66,360,86
1400000US44007010800,44007010800,"Census Tract 108, Providence County, Rhode Island",992,154,93,66,131,71,67,49,57,41,184,91,71,55,0,13,22,26,145,82,75,57,12,18,135,84
1400000US44007010900,44007010900,"Census Tract 109, Providence County, Rhode Island",1010,145,27,25,117,71,64,46,22,30,93,91,117,67,30,32,57,54,298,132,73,45,64,41,48,43
1400000US44007011000,44007011000,"Census Tract 110, Providence County, Rhode Island",1375,136,106,70,99,54,116,62,73,55,177,91,53,50,61,52,90,57,251,89,120,70,42,44,187,84
1400000US44007011100,44007011100,"Census Tract 111, Providence County, Rhode Island",1066,134,241,112,51,45,86,69,67,57,20,30,132,82,9,13,20,23,167,92,57,40,123,71,93,64
1400000US44007011200,44007011200,"Census Tract 112, Providence County, Rhode Island",1421,147,0,18,89,77,0,18,35,35,10,17,35,50,48,57,92,90,345,129,234,142,204,104,329,111
1400000US44007011301,44007011301,"Census Tract 113.01, Providence County, Rhode Island",1099,122,11,17,0,13,53,57,10,15,10,16,20,21,17,19,47,38,129,56,197,98,237,72,368,96
1400000US44007011302,44007011302,"Census Tract 113.02, Providence County, Rhode Island",1150,97,23,36,4,7,0,13,0,13,0,13,38,30,13,16,0,13,226,76,160,66,184,65,502,112
1400000US44007011401,44007011401,"Census Tract 114.01, Providence County, Rhode Island",2035,137,28,33,0,18,0,18,16,25,14,24,27,31,27,31,40,37,170,85,189,72,223,94,1301,157
1400000US44007011402,44007011402,"Census Tract 114.02, Providence County, Rhode Island",1240,67,0,13,0,13,0,13,0,13,21,24,49,55,7,12,9,16,83,44,187,67,177,75,707,109
1400000US44007011403,44007011403,"Census Tract 114.03, Providence County, Rhode Island",1955,169,15,24,0,18,15,23,16,25,0,18,14,23,46,59,13,20,170,76,480,175,468,152,718,164
1400000US44007011500,44007011500,"Census Tract 115, Providence County, Rhode Island",1431,149,27,31,21,33,56,72,76,75,61,74,98,99,0,18,14,22,137,85,166,84,124,78,651,122
1400000US44007011600,44007011600,"Census Tract 116, Providence County, Rhode Island",1800,101,0,18,0,18,0,18,0,18,16,17,13,21,14,23,34,39,169,95,243,113,222,130,1089,167
1400000US44007011701,44007011701,"Census Tract 117.01, Providence County, Rhode Island",1246,138,39,60,21,26,16,17,33,31,0,13,48,47,0,13,16,25,171,79,192,65,189,86,521,120
1400000US44007011702,44007011702,"Census Tract 117.02, Providence County, Rhode Island",1092,106,5,10,0,13,10,16,10,16,7,12,0,13,21,24,0,13,167,80,172,64,197,77,503,108
1400000US44007011800,44007011800,"Census Tract 118, Providence County, Rhode Island",1570,143,99,95,60,58,10,15,0,18,93,92,39,48,63,51,25,30,211,107,304,106,195,103,471,143
1400000US44007011901,44007011901,"Census Tract 119.01, Providence County, Rhode Island",728,116,15,17,0,13,52,58,0,13,28,28,89,78,21,25,0,13,218,121,106,59,65,61,134,64
1400000US44007011902,44007011902,"Census Tract 119.02, Providence County, Rhode Island",1329,140,0,13,14,24,26,35,0,13,0,13,51,61,14,26,51,55,228,114,164,91,137,79,644,138
1400000US44007012000,44007012000,"Census Tract 120, Providence County, Rhode Island",1698,182,19,31,46,72,0,18,49,47,0,18,131,96,58,44,20,22,333,131,182,76,220,104,640,133
1400000US44007012102,44007012102,"Census Tract 121.02, Providence County, Rhode Island",976,113,0,13,136,96,0,13,54,66,32,32,9,15,0,13,99,102,148,86,93,57,138,66,267,89
1400000US44007012103,44007012103,"Census Tract 121.03, Providence County, Rhode Island",646,153,0,13,0,13,10,15,7,12,35,25,45,70,0,13,14,21,164,112,131,89,127,82,113,57
1400000US44007012104,44007012104,"Census Tract 121.04, Providence County, Rhode Island",1065,131,0,13,42,58,30,40,10,18,18,29,15,20,63,48,23,26,263,130,119,70,188,88,294,86
1400000US44007012200,44007012200,"Census Tract 122, Providence County, Rhode Island",1895,157,43,52,26,31,11,18,0,18,86,75,25,30,43,44,35,32,298,114,148,76,339,126,841,161
1400000US44007012300,44007012300,"Census Tract 123, Providence County, Rhode Island",1730,180,90,71,0,18,42,63,70,58,29,33,75,52,0,18,51,46,325,144,255,114,159,76,634,149
1400000US44007012401,44007012401,"Census Tract 124.01, Providence County, Rhode Island",1746,175,14,22,0,18,0,18,25,30,77,53,144,105,66,72,17,27,204,101,343,108,237,106,619,147
1400000US44007012402,44007012402,"Census Tract 124.02, Providence County, Rhode Island",655,104,0,13,0,13,0,13,30,42,32,36,18,27,0,13,12,19,172,103,87,46,117,54,187,70
1400000US44007012500,44007012500,"Census Tract 125, Providence County, Rhode Island",1177,185,90,80,12,19,106,96,62,50,50,60,43,40,80,95,42,43,116,79,234,114,53,53,289,101
1400000US44007012601,44007012601,"Census Tract 126.01, Providence County, Rhode Island",476,50,0,13,0,13,0,13,0,13,0,13,6,10,0,13,24,23,45,30,68,52,52,35,281,62
1400000US44007012602,44007012602,"Census Tract 126.02, Providence County, Rhode Island",1909,190,13,21,34,38,0,18,90,66,73,86,31,36,23,36,48,41,376,138,190,90,226,95,805,161
1400000US44007012701,44007012701,"Census Tract 127.01, Providence County, Rhode Island",1323,95,0,18,11,18,7,11,22,35,12,16,11,17,0,18,8,13,208,98,61,46,172,81,811,127
1400000US44007012702,44007012702,"Census Tract 127.02, Providence County, Rhode Island",1173,110,41,53,8,13,8,13,0,13,23,26,14,15,10,15,15,17,177,81,136,54,192,65,549,109
1400000US44007012801,44007012801,"Census Tract 128.01, Providence County, Rhode Island",1100,148,9,16,0,13,0,13,0,13,0,13,0,13,0,13,0,13,256,113,93,57,192,94,550,150
1400000US44007012802,44007012802,"Census Tract 128.02, Providence County, Rhode Island",617,69,4,7,10,15,11,14,0,13,20,17,0,13,9,15,19,31,98,49,111,56,109,49,226,60
1400000US44007012803,44007012803,"Census Tract 128.03, Providence County, Rhode Island",1395,104,12,18,11,18,14,22,0,18,23,26,20,23,0,18,7,11,233,100,93,39,218,66,764,111
1400000US44007012900,44007012900,"Census Tract 129, Providence County, Rhode Island",1344,166,14,23,49,49,18,30,47,45,90,91,53,47,0,18,24,29,178,103,262,118,204,117,405,144
1400000US44007013001,44007013001,"Census Tract 130.01, Providence County, Rhode Island",972,101,0,13,0,13,0,13,26,24,19,22,6,10,0,13,9,15,151,56,112,60,163,76,486,106
1400000US44007013002,44007013002,"Census Tract 130.02, Providence County, Rhode Island",2008,176,0,18,11,19,54,68,28,32,97,73,88,84,45,42,66,52,263,111,336,119,206,94,814,167
1400000US44007013101,44007013101,"Census Tract 131.01, Providence County, Rhode Island",1293,96,29,46,21,24,11,16,12,18,47,42,15,17,27,34,26,25,143,69,161,68,233,78,568,102
1400000US44007013102,44007013102,"Census Tract 131.02, Providence County, Rhode Island",1416,109,0,18,0,18,19,31,81,67,57,49,29,35,0,18,10,17,151,82,250,97,174,91,645,134
1400000US44007013201,44007013201,"Census Tract 132.01, Providence County, Rhode Island",1393,131,9,14,0,13,35,42,6,11,71,65,104,89,16,25,24,23,170,71,217,87,182,70,559,125
1400000US44007013202,44007013202,"Census Tract 132.02, Providence County, Rhode Island",1599,132,0,18,38,44,18,27,0,18,13,22,32,36,17,28,18,28,208,113,172,88,235,118,848,132
1400000US44007013300,44007013300,"Census Tract 133, Providence County, Rhode Island",1261,75,9,14,11,17,0,13,14,12,45,44,11,16,9,14,24,22,145,55,173,73,193,71,627,111
1400000US44007013400,44007013400,"Census Tract 134, Providence County, Rhode Island",890,124,8,14,18,30,17,19,9,15,0,13,7,12,8,12,0,13,176,72,108,63,99,45,440,119
1400000US44007013500,44007013500,"Census Tract 135, Providence County, Rhode Island",973,170,84,81,0,13,15,26,12,19,81,62,25,30,24,34,58,66,132,66,114,55,100,67,328,105
1400000US44007013600,44007013600,"Census Tract 136, Providence County, Rhode Island",760,93,34,37,8,13,33,41,6,10,8,15,14,16,19,26,37,32,121,71,145,65,118,60,217,82
1400000US44007013701,44007013701,"Census Tract 137.01, Providence County, Rhode Island",1012,131,34,33,30,41,64,60,42,59,38,37,24,25,5,8,31,32,209,78,122,54,94,60,319,93
1400000US44007013702,44007013702,"Census Tract 137.02, Providence County, Rhode Island",613,85,18,27,11,17,7,12,6,10,0,13,49,43,7,13,0,13,106,49,45,30,148,59,216,72
1400000US44007013800,44007013800,"Census Tract 138, Providence County, Rhode Island",1186,143,38,47,0,13,28,42,28,34,16,26,56,68,13,22,18,32,193,102,186,105,102,56,508,141
1400000US44007013900,44007013900,"Census Tract 139, Providence County, Rhode Island",661,84,7,16,9,15,35,35,9,14,20,24,21,22,6,11,0,13,108,66,69,37,167,75,210,75
1400000US44007014000,44007014000,"Census Tract 140, Providence County, Rhode Island",1279,132,29,36,0,18,71,77,58,57,91,52,85,71,0,18,11,21,207,92,147,64,192,83,388,120
1400000US44007014100,44007014100,"Census Tract 141, Providence County, Rhode Island",1012,128,63,52,42,55,54,50,43,34,23,27,40,58,25,26,16,19,265,101,241,104,78,47,122,67
1400000US44007014200,44007014200,"Census Tract 142, Providence County, Rhode Island",571,86,0,18,20,20,0,18,11,16,0,18,4,6,13,16,20,23,71,42,80,48,125,52,227,65
1400000US44007014300,44007014300,"Census Tract 143, Providence County, Rhode Island",1329,127,0,13,0,13,12,21,52,49,80,55,25,22,0,13,31,47,227,102,179,97,150,83,573,137
1400000US44007014400,44007014400,"Census Tract 144, Providence County, Rhode Island",1112,91,8,13,35,53,21,25,0,13,70,63,40,33,26,25,11,16,72,40,159,78,136,67,534,107
1400000US44007014501,44007014501,"Census Tract 145.01, Providence County, Rhode Island",1495,76,0,18,0,18,9,15,25,27,0,18,0,18,0,18,31,35,157,69,109,52,263,90,901,113
1400000US44007014502,44007014502,"Census Tract 145.02, Providence County, Rhode Island",1085,124,6,9,51,46,30,46,16,18,42,51,7,13,66,64,27,41,188,75,162,69,112,52,378,112
1400000US44007014600,44007014600,"Census Tract 146, Providence County, Rhode Island",1979,138,13,20,0,18,14,21,32,49,0,18,20,31,35,35,23,27,302,147,323,123,160,88,1057,169
1400000US44007014700,44007014700,"Census Tract 147, Providence County, Rhode Island",1850,234,115,102,59,74,82,96,86,71,151,107,186,124,41,40,87,78,461,182,142,89,196,69,244,94
1400000US44007014800,44007014800,"Census Tract 148, Providence County, Rhode Island",1362,131,23,25,14,22,5,9,36,33,12,19,24,27,12,20,65,48,402,137,227,111,164,105,378,108
1400000US44007015000,44007015000,"Census Tract 150, Providence County, Rhode Island",1342,119,12,19,63,55,136,88,8,14,107,74,65,58,16,19,40,38,340,116,229,80,169,66,157,61
1400000US44007015100,44007015100,"Census Tract 151, Providence County, Rhode Island",1060,136,133,68,89,74,97,57,140,84,59,50,71,52,26,29,11,17,208,92,81,49,81,46,64,53
1400000US44007015200,44007015200,"Census Tract 152, Providence County, Rhode Island",387,106,53,46,100,69,20,32,10,16,33,27,50,48,0,13,8,13,40,34,26,40,24,38,23,27
1400000US44007015300,44007015300,"Census Tract 153, Providence County, Rhode Island",391,70,49,42,10,11,32,27,68,51,7,8,34,31,0,13,5,7,57,38,39,31,73,45,17,20
1400000US44007015400,44007015400,"Census Tract 154, Providence County, Rhode Island",560,103,52,54,62,48,12,19,1,4,71,43,57,43,23,26,75,62,78,60,49,42,33,30,47,39
1400000US44007015500,44007015500,"Census Tract 155, Providence County, Rhode Island",1085,139,57,54,31,49,6,11,88,67,69,50,59,62,0,13,23,30,243,103,116,68,144,101,249,107
1400000US44007015600,44007015600,"Census Tract 156, Providence County, Rhode Island",594,96,50,36,16,19,24,30,3,8,15,18,33,29,33,42,20,19,112,54,134,82,92,56,62,41
1400000US44007015700,44007015700,"Census Tract 157, Providence County, Rhode Island",1028,133,16,26,0,13,25,38,31,30,51,47,55,55,52,66,10,16,131,68,155,73,177,67,325,81
1400000US44007015800,44007015800,"Census Tract 158, Providence County, Rhode Island",1075,126,20,23,29,47,8,14,35,43,11,17,80,60,23,25,0,13,298,117,213,84,115,60,243,86
1400000US44007015900,44007015900,"Census Tract 159, Providence County, Rhode Island",705,146,0,13,0,13,11,17,11,17,40,37,95,72,0,13,14,19,137,61,137,69,68,46,192,73
1400000US44007016000,44007016000,"Census Tract 160, Providence County, Rhode Island",675,144,61,57,51,75,37,27,46,43,120,91,42,41,40,40,22,25,78,59,82,56,15,23,81,53
1400000US44007016100,44007016100,"Census Tract 161, Providence County, Rhode Island",1030,158,114,75,51,43,149,71,38,37,46,43,40,34,0,13,62,54,253,99,143,77,109,66,25,26
1400000US44007016300,44007016300,"Census Tract 163, Providence County, Rhode Island",824,93,42,41,0,13,16,26,26,35,29,31,96,71,0,13,56,59,106,50,95,52,102,46,256,70
1400000US44007016400,44007016400,"Census Tract 164, Providence County, Rhode Island",959,116,106,66,6,10,130,76,73,49,24,27,60,47,26,23,94,53,284,94,37,32,85,55,34,23
1400000US44007016500,44007016500,"Census Tract 165, Providence County, Rhode Island",899,102,41,43,19,28,0,13,0,13,0,13,40,54,0,13,0,13,92,72,160,78,89,59,458,99
1400000US44007016600,44007016600,"Census Tract 166, Providence County, Rhode Island",407,86,91,73,18,21,32,25,6,10,28,39,5,9,8,12,8,14,146,69,16,19,25,24,24,26
1400000US44007016700,44007016700,"Census Tract 167, Providence County, Rhode Island",645,144,42,45,24,35,38,49,72,86,49,52,8,12,32,32,22,25,156,72,71,52,66,48,65,51
1400000US44007016800,44007016800,"Census Tract 168, Providence County, Rhode Island",837,96,16,19,11,18,0,13,8,14,31,49,129,71,0,13,0,13,117,52,190,86,164,64,171,58
1400000US44007016900,44007016900,"Census Tract 169, Providence County, Rhode Island",517,74,7,11,26,30,4,7,12,20,6,9,0,13,0,13,13,18,78,38,124,50,60,35,187,68
1400000US44007017000,44007017000,"Census Tract 170, Providence County, Rhode Island",965,120,26,25,21,23,0,13,72,66,46,34,20,24,40,46,23,26,116,71,152,66,180,69,269,81
1400000US44007017100,44007017100,"Census Tract 171, Providence County, Rhode Island",1300,150,180,96,0,18,53,50,51,40,114,85,89,74,41,40,46,54,258,91,213,89,49,39,206,86
1400000US44007017300,44007017300,"Census Tract 173, Providence County, Rhode Island",936,120,66,55,42,42,18,19,10,16,64,55,66,60,20,21,13,20,218,85,82,59,168,72,169,66
1400000US44007017400,44007017400,"Census Tract 174, Providence County, Rhode Island",911,115,139,70,74,55,135,78,51,42,46,48,49,40,0,13,0,13,147,68,114,69,39,41,117,58
1400000US44007017500,44007017500,"Census Tract 175, Providence County, Rhode Island",882,103,44,36,34,37,0,13,16,18,32,27,45,29,0,13,0,13,183,86,105,47,161,69,262,67
1400000US44007017600,44007017600,"Census Tract 176, Providence County, Rhode Island",621,110,68,56,80,69,7,13,4,8,0,13,70,47,0,13,72,58,116,63,84,46,31,28,89,46
1400000US44007017700,44007017700,"Census Tract 177, Providence County, Rhode Island",924,134,26,27,18,27,7,12,39,50,87,73,9,15,6,11,36,38,163,53,128,61,168,69,237,74
1400000US44007017800,44007017800,"Census Tract 178, Providence County, Rhode Island",597,103,44,52,33,41,44,50,15,24,0,13,43,46,50,47,17,20,109,50,89,70,34,32,119,67
1400000US44007017900,44007017900,"Census Tract 179, Providence County, Rhode Island",636,121,74,62,9,15,90,68,41,41,76,59,7,11,39,31,38,47,97,66,28,44,55,50,82,58
1400000US44007018000,44007018000,"Census Tract 180, Providence County, Rhode Island",468,108,90,37,54,48,22,25,18,19,27,42,35,46,10,16,0,13,32,34,36,34,13,15,131,103
1400000US44007018100,44007018100,"Census Tract 181, Providence County, Rhode Island",642,117,33,41,51,51,9,15,111,92,19,21,30,37,0,13,33,31,159,96,52,44,103,75,42,49
1400000US44007018200,44007018200,"Census Tract 182, Providence County, Rhode Island",555,117,42,36,64,29,0,13,34,42,36,51,0,13,16,27,41,59,119,81,91,52,41,37,71,52
1400000US44007018300,44007018300,"Census Tract 183, Providence County, Rhode Island",383,87,78,61,25,40,29,30,70,52,29,34,0,13,13,14,34,46,58,33,20,21,12,18,15,16
1400000US44007018400,44007018400,"Census Tract 184, Providence County, Rhode Island",1521,190,131,90,211,182,20,32,0,18,43,61,10,18,1,8,72,40,208,131,144,79,283,118,398,106
1400000US44007018500,44007018500,"Census Tract 185, Providence County, Rhode Island",739,88,66,50,9,15,14,20,14,21,8,14,25,24,0,13,8,13,127,62,208,96,56,35,204,92
1400000US44009041500,44009041500,"Census Tract 415, Washington County, Rhode Island",229,51,0,13,5,8,0,13,0,13,4,5,0,13,0,13,0,13,13,15,3,4,47,20,157,47
1400000US44009050102,44009050102,"Census Tract 501.02, Washington County, Rhode Island",649,68,0,13,0,13,35,48,22,27,17,22,8,14,0,13,0,13,16,19,76,39,85,48,390,70
1400000US44009050103,44009050103,"Census Tract 501.03, Washington County, Rhode Island",1584,144,72,72,56,55,54,63,10,18,76,64,0,18,22,28,11,18,146,82,422,144,172,91,543,144
1400000US44009050104,44009050104,"Census Tract 501.04, Washington County, Rhode Island",1137,94,43,41,6,11,0,13,13,17,0,13,5,8,0,13,7,11,99,48,211,92,151,61,602,97
1400000US44009050301,44009050301,"Census Tract 503.01, Washington County, Rhode Island",1149,111,11,16,0,13,20,22,12,18,13,21,6,12,0,13,39,48,116,63,102,48,97,46,733,114
1400000US44009050302,44009050302,"Census Tract 503.02, Washington County, Rhode Island",711,83,20,22,20,24,21,26,5,9,0,13,57,41,0,13,9,15,21,20,51,37,114,61,393,86
1400000US44009050401,44009050401,"Census Tract 504.01, Washington County, Rhode Island",1388,102,12,20,9,14,0,13,10,16,59,53,9,15,7,11,22,27,81,47,153,58,121,55,905,123
1400000US44009050402,44009050402,"Census Tract 504.02, Washington County, Rhode Island",745,75,13,21,0,13,0,13,0,13,0,13,13,19,13,20,64,58,18,21,65,38,132,52,427,97
1400000US44009050500,44009050500,"Census Tract 505, Washington County, Rhode Island",1779,152,25,30,12,21,0,18,43,68,12,18,72,67,8,14,0,18,122,66,176,83,337,118,972,184
1400000US44009050600,44009050600,"Census Tract 506, Washington County, Rhode Island",2088,144,15,24,0,18,19,31,0,18,61,45,45,46,0,18,0,18,347,132,230,119,273,112,1098,205
1400000US44009050700,44009050700,"Census Tract 507, Washington County, Rhode Island",2399,157,29,33,0,18,0,18,65,60,69,73,54,49,35,38,0,18,303,139,381,121,413,135,1050,194
1400000US44009050801,44009050801,"Census Tract 508.01, Washington County, Rhode Island",1388,170,99,82,26,32,27,41,8,13,26,28,64,51,37,47,9,17,383,149,211,103,80,60,418,139
1400000US44009050802,44009050802,"Census Tract 508.02, Washington County, Rhode Island",1016,120,0,13,11,17,12,18,10,16,0,13,35,39,42,39,27,24,177,64,168,85,149,80,385,96
1400000US44009050901,44009050901,"Census Tract 509.01, Washington County, Rhode Island",1529,198,0,18,24,38,0,18,23,29,111,91,86,56,16,26,13,21,263,113,255,123,209,121,529,160
1400000US44009050902,44009050902,"Census Tract 509.02, Washington County, Rhode Island",1587,167,0,18,16,27,58,44,36,33,36,56,17,25,0,18,13,23,230,101,177,90,276,110,728,156
1400000US44009051000,44009051000,"Census Tract 510, Washington County, Rhode Island",513,70,5,9,0,13,0,13,0,13,0,13,0,13,0,13,10,15,74,39,60,41,59,35,305,73
1400000US44009051101,44009051101,"Census Tract 511.01, Washington County, Rhode Island",1293,130,0,13,9,16,49,75,0,13,27,30,122,88,15,18,14,16,106,63,179,76,242,95,530,142
1400000US44009051102,44009051102,"Census Tract 511.02, Washington County, Rhode Island",933,111,11,21,38,40,0,13,0,13,22,27,12,14,23,38,15,16,108,57,149,73,77,42,478,114
1400000US44009051201,44009051201,"Census Tract 512.01, Washington County, Rhode Island",1210,148,21,25,66,96,35,54,98,93,31,36,0,13,0,13,0,13,96,61,141,64,152,64,570,125
1400000US44009051202,44009051202,"Census Tract 512.02, Washington County, Rhode Island",1198,154,0,13,23,32,0,13,57,66,24,35,22,24,0,13,29,32,146,86,176,87,217,106,504,141
1400000US44009051302,44009051302,"Census Tract 513.02, Washington County, Rhode Island",1275,146,26,33,0,13,0,13,13,20,31,38,7,12,0,13,35,34,83,65,125,77,182,83,773,134
1400000US44009051304,44009051304,"Census Tract 513.04, Washington County, Rhode Island",608,75,0,13,11,19,0,13,0,13,7,12,0,13,0,13,32,29,55,37,39,29,94,37,370,67
1400000US44009051305,44009051305,"Census Tract 513.05, Washington County, Rhode Island",1083,150,0,13,0,13,29,32,0,13,60,64,29,34,0,13,0,13,142,80,173,100,114,78,536,128
1400000US44009051306,44009051306,"Census Tract 513.06, Washington County, Rhode Island",1585,134,0,18,0,18,16,26,0,18,13,21,15,24,0,18,20,31,181,101,200,85,132,55,1008,116
1400000US44009051400,44009051400,"Census Tract 514, Washington County, Rhode Island",58,30,0,18,0,18,0,18,0,18,0,18,0,18,0,18,8,12,13,15,24,26,0,18,13,12
1400000US44009051502,44009051502,"Census Tract 515.02, Washington County, Rhode Island",1704,207,17,27,9,18,31,35,0,18,10,18,30,41,0,18,0,18,80,60,274,123,190,78,1063,207
1400000US44009051503,44009051503,"Census Tract 515.03, Washington County, Rhode Island",964,133,23,26,0,13,14,19,42,47,0,13,54,48,5,11,17,19,67,43,51,33,114,64,577,116
1400000US44009051504,44009051504,"Census Tract 515.04, Washington County, Rhode Island",920,165,13,21,40,45,13,21,10,16,0,13,0,13,0,13,0,13,141,67,70,39,191,123,442,132
1400000US44009990100,44009990100,"Census Tract 9901, Washington County, Rhode Island",0,13,0,13,0,13,0,13,0,13,0,13,0,13,0,13,0,13,0,13,0,13,0,13,0,13
1400000US44009990200,44009990200,"Census Tract 9902, Washington County, Rhode Island",0,13,0,13,0,13,0,13,0,13,0,13,0,13,0,13,0,13,0,13,0,13,0,13,0,13
