GEO.id,GEO.id2,GEO.display-label,HD01_VD01,HD02_VD01
Id,Id2,Geography,Estimate; Total,Margin of Error; Total
1400000US44007000101,44007000101,"Census Tract 1.01, Providence County, Rhode Island",4679,529
1400000US44007000102,44007000102,"Census Tract 1.02, Providence County, Rhode Island",4772,546
1400000US44007000200,44007000200,"Census Tract 2, Providence County, Rhode Island",6000,761
1400000US44007000300,44007000300,"Census Tract 3, Providence County, Rhode Island",7238,905
1400000US44007000400,44007000400,"Census Tract 4, Providence County, Rhode Island",3731,491
1400000US44007000500,44007000500,"Census Tract 5, Providence County, Rhode Island",3203,518
1400000US44007000600,44007000600,"Census Tract 6, Providence County, Rhode Island",2085,270
1400000US44007000700,44007000700,"Census Tract 7, Providence County, Rhode Island",2443,357
1400000US44007000800,44007000800,"Census Tract 8, Providence County, Rhode Island",4084,365
1400000US44007000900,44007000900,"Census Tract 9, Providence County, Rhode Island",2342,376
1400000US44007001000,44007001000,"Census Tract 10, Providence County, Rhode Island",2729,585
1400000US44007001100,44007001100,"Census Tract 11, Providence County, Rhode Island",2478,305
1400000US44007001200,44007001200,"Census Tract 12, Providence County, Rhode Island",2885,293
1400000US44007001300,44007001300,"Census Tract 13, Providence County, Rhode Island",4780,642
1400000US44007001400,44007001400,"Census Tract 14, Providence County, Rhode Island",6705,772
1400000US44007001500,44007001500,"Census Tract 15, Providence County, Rhode Island",3064,321
1400000US44007001600,44007001600,"Census Tract 16, Providence County, Rhode Island",9128,1011
1400000US44007001700,44007001700,"Census Tract 17, Providence County, Rhode Island",3496,389
1400000US44007001800,44007001800,"Census Tract 18, Providence County, Rhode Island",6582,635
1400000US44007001900,44007001900,"Census Tract 19, Providence County, Rhode Island",5162,779
1400000US44007002000,44007002000,"Census Tract 20, Providence County, Rhode Island",7380,624
1400000US44007002101,44007002101,"Census Tract 21.01, Providence County, Rhode Island",2633,392
1400000US44007002102,44007002102,"Census Tract 21.02, Providence County, Rhode Island",5163,755
1400000US44007002200,44007002200,"Census Tract 22, Providence County, Rhode Island",5259,561
1400000US44007002300,44007002300,"Census Tract 23, Providence County, Rhode Island",4412,534
1400000US44007002400,44007002400,"Census Tract 24, Providence County, Rhode Island",7063,479
1400000US44007002500,44007002500,"Census Tract 25, Providence County, Rhode Island",2640,360
1400000US44007002600,44007002600,"Census Tract 26, Providence County, Rhode Island",3049,578
1400000US44007002700,44007002700,"Census Tract 27, Providence County, Rhode Island",5261,473
1400000US44007002800,44007002800,"Census Tract 28, Providence County, Rhode Island",6353,876
1400000US44007002900,44007002900,"Census Tract 29, Providence County, Rhode Island",6679,878
1400000US44007003100,44007003100,"Census Tract 31, Providence County, Rhode Island",4584,678
1400000US44007003200,44007003200,"Census Tract 32, Providence County, Rhode Island",3169,370
1400000US44007003300,44007003300,"Census Tract 33, Providence County, Rhode Island",4001,309
1400000US44007003400,44007003400,"Census Tract 34, Providence County, Rhode Island",5209,356
1400000US44007003500,44007003500,"Census Tract 35, Providence County, Rhode Island",4918,455
1400000US44007003601,44007003601,"Census Tract 36.01, Providence County, Rhode Island",2874,432
1400000US44007003602,44007003602,"Census Tract 36.02, Providence County, Rhode Island",6022,463
1400000US44007003700,44007003700,"Census Tract 37, Providence County, Rhode Island",3801,485
1400000US44007010101,44007010101,"Census Tract 101.01, Providence County, Rhode Island",4117,262
1400000US44007010102,44007010102,"Census Tract 101.02, Providence County, Rhode Island",3548,210
1400000US44007010200,44007010200,"Census Tract 102, Providence County, Rhode Island",6615,599
1400000US44007010300,44007010300,"Census Tract 103, Providence County, Rhode Island",4078,306
1400000US44007010400,44007010400,"Census Tract 104, Providence County, Rhode Island",7043,517
1400000US44007010501,44007010501,"Census Tract 105.01, Providence County, Rhode Island",4580,377
1400000US44007010502,44007010502,"Census Tract 105.02, Providence County, Rhode Island",5083,396
1400000US44007010600,44007010600,"Census Tract 106, Providence County, Rhode Island",5606,612
1400000US44007010701,44007010701,"Census Tract 107.01, Providence County, Rhode Island",2298,183
1400000US44007010702,44007010702,"Census Tract 107.02, Providence County, Rhode Island",4131,205
1400000US44007010800,44007010800,"Census Tract 108, Providence County, Rhode Island",4484,475
1400000US44007010900,44007010900,"Census Tract 109, Providence County, Rhode Island",4729,530
1400000US44007011000,44007011000,"Census Tract 110, Providence County, Rhode Island",5478,438
1400000US44007011100,44007011100,"Census Tract 111, Providence County, Rhode Island",4696,626
1400000US44007011200,44007011200,"Census Tract 112, Providence County, Rhode Island",5773,377
1400000US44007011301,44007011301,"Census Tract 113.01, Providence County, Rhode Island",4245,287
1400000US44007011302,44007011302,"Census Tract 113.02, Providence County, Rhode Island",4173,161
1400000US44007011401,44007011401,"Census Tract 114.01, Providence County, Rhode Island",7837,347
1400000US44007011402,44007011402,"Census Tract 114.02, Providence County, Rhode Island",4442,211
1400000US44007011403,44007011403,"Census Tract 114.03, Providence County, Rhode Island",7235,339
1400000US44007011500,44007011500,"Census Tract 115, Providence County, Rhode Island",6303,466
1400000US44007011600,44007011600,"Census Tract 116, Providence County, Rhode Island",5881,301
1400000US44007011701,44007011701,"Census Tract 117.01, Providence County, Rhode Island",4692,303
1400000US44007011702,44007011702,"Census Tract 117.02, Providence County, Rhode Island",4301,332
1400000US44007011800,44007011800,"Census Tract 118, Providence County, Rhode Island",6499,556
1400000US44007011901,44007011901,"Census Tract 119.01, Providence County, Rhode Island",3042,357
1400000US44007011902,44007011902,"Census Tract 119.02, Providence County, Rhode Island",4887,396
1400000US44007012000,44007012000,"Census Tract 120, Providence County, Rhode Island",6186,370
1400000US44007012102,44007012102,"Census Tract 121.02, Providence County, Rhode Island",4116,328
1400000US44007012103,44007012103,"Census Tract 121.03, Providence County, Rhode Island",2981,310
1400000US44007012104,44007012104,"Census Tract 121.04, Providence County, Rhode Island",4424,339
1400000US44007012200,44007012200,"Census Tract 122, Providence County, Rhode Island",7639,469
1400000US44007012300,44007012300,"Census Tract 123, Providence County, Rhode Island",6297,466
1400000US44007012401,44007012401,"Census Tract 124.01, Providence County, Rhode Island",7092,495
1400000US44007012402,44007012402,"Census Tract 124.02, Providence County, Rhode Island",2595,209
1400000US44007012500,44007012500,"Census Tract 125, Providence County, Rhode Island",5265,410
1400000US44007012601,44007012601,"Census Tract 126.01, Providence County, Rhode Island",4382,304
1400000US44007012602,44007012602,"Census Tract 126.02, Providence County, Rhode Island",7053,362
1400000US44007012701,44007012701,"Census Tract 127.01, Providence County, Rhode Island",5381,364
1400000US44007012702,44007012702,"Census Tract 127.02, Providence County, Rhode Island",4638,225
1400000US44007012801,44007012801,"Census Tract 128.01, Providence County, Rhode Island",4868,306
1400000US44007012802,44007012802,"Census Tract 128.02, Providence County, Rhode Island",2355,197
1400000US44007012803,44007012803,"Census Tract 128.03, Providence County, Rhode Island",4796,278
1400000US44007012900,44007012900,"Census Tract 129, Providence County, Rhode Island",4993,369
1400000US44007013001,44007013001,"Census Tract 130.01, Providence County, Rhode Island",3839,335
1400000US44007013002,44007013002,"Census Tract 130.02, Providence County, Rhode Island",7183,368
1400000US44007013101,44007013101,"Census Tract 131.01, Providence County, Rhode Island",4833,250
1400000US44007013102,44007013102,"Census Tract 131.02, Providence County, Rhode Island",4968,256
1400000US44007013201,44007013201,"Census Tract 132.01, Providence County, Rhode Island",4803,226
1400000US44007013202,44007013202,"Census Tract 132.02, Providence County, Rhode Island",5556,227
1400000US44007013300,44007013300,"Census Tract 133, Providence County, Rhode Island",4628,25
1400000US44007013400,44007013400,"Census Tract 134, Providence County, Rhode Island",3813,291
1400000US44007013500,44007013500,"Census Tract 135, Providence County, Rhode Island",4810,545
1400000US44007013600,44007013600,"Census Tract 136, Providence County, Rhode Island",2987,272
1400000US44007013701,44007013701,"Census Tract 137.01, Providence County, Rhode Island",3775,340
1400000US44007013702,44007013702,"Census Tract 137.02, Providence County, Rhode Island",2559,275
1400000US44007013800,44007013800,"Census Tract 138, Providence County, Rhode Island",4601,304
1400000US44007013900,44007013900,"Census Tract 139, Providence County, Rhode Island",2742,197
1400000US44007014000,44007014000,"Census Tract 140, Providence County, Rhode Island",5606,570
1400000US44007014100,44007014100,"Census Tract 141, Providence County, Rhode Island",5260,621
1400000US44007014200,44007014200,"Census Tract 142, Providence County, Rhode Island",6149,273
1400000US44007014300,44007014300,"Census Tract 143, Providence County, Rhode Island",5005,378
1400000US44007014400,44007014400,"Census Tract 144, Providence County, Rhode Island",3783,286
1400000US44007014501,44007014501,"Census Tract 145.01, Providence County, Rhode Island",5160,224
1400000US44007014502,44007014502,"Census Tract 145.02, Providence County, Rhode Island",4301,267
1400000US44007014600,44007014600,"Census Tract 146, Providence County, Rhode Island",7244,512
1400000US44007014700,44007014700,"Census Tract 147, Providence County, Rhode Island",7409,684
1400000US44007014800,44007014800,"Census Tract 148, Providence County, Rhode Island",5266,391
1400000US44007015000,44007015000,"Census Tract 150, Providence County, Rhode Island",5032,480
1400000US44007015100,44007015100,"Census Tract 151, Providence County, Rhode Island",4495,455
1400000US44007015200,44007015200,"Census Tract 152, Providence County, Rhode Island",2192,316
1400000US44007015300,44007015300,"Census Tract 153, Providence County, Rhode Island",1959,244
1400000US44007015400,44007015400,"Census Tract 154, Providence County, Rhode Island",2251,299
1400000US44007015500,44007015500,"Census Tract 155, Providence County, Rhode Island",4578,411
1400000US44007015600,44007015600,"Census Tract 156, Providence County, Rhode Island",2608,339
1400000US44007015700,44007015700,"Census Tract 157, Providence County, Rhode Island",3582,314
1400000US44007015800,44007015800,"Census Tract 158, Providence County, Rhode Island",3918,333
1400000US44007015900,44007015900,"Census Tract 159, Providence County, Rhode Island",3011,385
1400000US44007016000,44007016000,"Census Tract 160, Providence County, Rhode Island",3139,347
1400000US44007016100,44007016100,"Census Tract 161, Providence County, Rhode Island",4723,555
1400000US44007016300,44007016300,"Census Tract 163, Providence County, Rhode Island",2758,206
1400000US44007016400,44007016400,"Census Tract 164, Providence County, Rhode Island",4232,426
1400000US44007016500,44007016500,"Census Tract 165, Providence County, Rhode Island",3724,256
1400000US44007016600,44007016600,"Census Tract 166, Providence County, Rhode Island",1759,220
1400000US44007016700,44007016700,"Census Tract 167, Providence County, Rhode Island",2960,399
1400000US44007016800,44007016800,"Census Tract 168, Providence County, Rhode Island",3025,298
1400000US44007016900,44007016900,"Census Tract 169, Providence County, Rhode Island",2093,237
1400000US44007017000,44007017000,"Census Tract 170, Providence County, Rhode Island",4561,406
1400000US44007017100,44007017100,"Census Tract 171, Providence County, Rhode Island",4563,424
1400000US44007017300,44007017300,"Census Tract 173, Providence County, Rhode Island",3345,324
1400000US44007017400,44007017400,"Census Tract 174, Providence County, Rhode Island",4162,426
1400000US44007017500,44007017500,"Census Tract 175, Providence County, Rhode Island",3198,310
1400000US44007017600,44007017600,"Census Tract 176, Providence County, Rhode Island",2504,309
1400000US44007017700,44007017700,"Census Tract 177, Providence County, Rhode Island",3680,342
1400000US44007017800,44007017800,"Census Tract 178, Providence County, Rhode Island",2847,269
1400000US44007017900,44007017900,"Census Tract 179, Providence County, Rhode Island",3004,545
1400000US44007018000,44007018000,"Census Tract 180, Providence County, Rhode Island",2668,336
1400000US44007018100,44007018100,"Census Tract 181, Providence County, Rhode Island",2792,381
1400000US44007018200,44007018200,"Census Tract 182, Providence County, Rhode Island",2522,311
1400000US44007018300,44007018300,"Census Tract 183, Providence County, Rhode Island",1775,341
1400000US44007018400,44007018400,"Census Tract 184, Providence County, Rhode Island",5777,563
1400000US44007018500,44007018500,"Census Tract 185, Providence County, Rhode Island",2839,326
