GEO.id,GEO.id2,GEO.display-label,HD01_VD01,HD02_VD01,HD01_VD02,HD02_VD02,HD01_VD03,HD02_VD03,HD01_VD04,HD02_VD04,HD01_VD05,HD02_VD05,HD01_VD06,HD02_VD06,HD01_VD07,HD02_VD07,HD01_VD08,HD02_VD08,HD01_VD09,HD02_VD09,HD01_VD10,HD02_VD10,HD01_VD11,HD02_VD11,HD01_VD12,HD02_VD12,HD01_VD13,HD02_VD13,HD01_VD14,HD02_VD14,HD01_VD15,HD02_VD15,HD01_VD16,HD02_VD16,HD01_VD17,HD02_VD17,HD01_VD18,HD02_VD18,HD01_VD19,HD02_VD19,HD01_VD20,HD02_VD20,HD01_VD21,HD02_VD21,HD01_VD22,HD02_VD22,HD01_VD23,HD02_VD23,HD01_VD24,HD02_VD24,HD01_VD25,HD02_VD25
Id,Id2,Geography,Estimate; Total:,Margin of Error; Total:,Estimate; Total: - No schooling completed,Margin of Error; Total: - No schooling completed,Estimate; Total: - Nursery school,Margin of Error; Total: - Nursery school,Estimate; Total: - Kindergarten,Margin of Error; Total: - Kindergarten,Estimate; Total: - 1st grade,Margin of Error; Total: - 1st grade,Estimate; Total: - 2nd grade,Margin of Error; Total: - 2nd grade,Estimate; Total: - 3rd grade,Margin of Error; Total: - 3rd grade,Estimate; Total: - 4th grade,Margin of Error; Total: - 4th grade,Estimate; Total: - 5th grade,Margin of Error; Total: - 5th grade,Estimate; Total: - 6th grade,Margin of Error; Total: - 6th grade,Estimate; Total: - 7th grade,Margin of Error; Total: - 7th grade,Estimate; Total: - 8th grade,Margin of Error; Total: - 8th grade,Estimate; Total: - 9th grade,Margin of Error; Total: - 9th grade,Estimate; Total: - 10th grade,Margin of Error; Total: - 10th grade,Estimate; Total: - 11th grade,Margin of Error; Total: - 11th grade,"Estimate; Total: - 12th grade, no diploma","Margin of Error; Total: - 12th grade, no diploma",Estimate; Total: - Regular high school diploma,Margin of Error; Total: - Regular high school diploma,Estimate; Total: - GED or alternative credential,Margin of Error; Total: - GED or alternative credential,"Estimate; Total: - Some college, less than 1 year","Margin of Error; Total: - Some college, less than 1 year","Estimate; Total: - Some college, 1 or more years, no degree","Margin of Error; Total: - Some college, 1 or more years, no degree",Estimate; Total: - Associate's degree,Margin of Error; Total: - Associate's degree,Estimate; Total: - Bachelor's degree,Margin of Error; Total: - Bachelor's degree,Estimate; Total: - Master's degree,Margin of Error; Total: - Master's degree,Estimate; Total: - Professional school degree,Margin of Error; Total: - Professional school degree,Estimate; Total: - Doctorate degree,Margin of Error; Total: - Doctorate degree
1400000US44007000101,44007000101,"Census Tract 1.01, Providence County, Rhode Island",2197,331,152,142,0,13,0,13,8,13,11,19,0,13,25,28,74,73,0,13,21,35,57,59,71,52,49,60,31,33,69,45,537,171,141,96,104,58,234,92,200,106,283,184,111,61,19,27,0,13
1400000US44007000102,44007000102,"Census Tract 1.02, Providence County, Rhode Island",3005,308,128,81,0,13,0,13,30,47,0,13,0,13,43,44,53,68,49,38,83,88,125,81,103,69,56,51,128,78,63,56,745,177,121,63,99,47,355,121,175,88,392,154,218,81,30,44,9,15
1400000US44007000200,44007000200,"Census Tract 2, Providence County, Rhode Island",3384,469,212,159,0,18,0,18,10,18,42,51,32,51,20,25,27,43,138,84,144,137,166,112,81,63,33,51,190,139,115,75,678,222,138,114,141,94,471,177,204,130,323,153,165,168,16,29,38,42
1400000US44007000300,44007000300,"Census Tract 3, Providence County, Rhode Island",4543,604,246,112,0,18,0,18,0,18,37,59,62,63,240,175,69,72,281,165,40,50,218,128,33,43,80,55,211,153,23,34,1017,372,227,150,202,127,633,296,381,232,319,163,143,133,45,38,36,56
1400000US44007000400,44007000400,"Census Tract 4, Providence County, Rhode Island",1902,324,101,69,0,13,0,13,0,13,6,11,71,85,0,13,57,32,13,16,28,32,44,37,58,50,74,61,67,49,60,49,494,182,70,51,110,66,387,132,63,40,144,78,55,59,0,13,0,13
1400000US44007000500,44007000500,"Census Tract 5, Providence County, Rhode Island",1539,180,126,144,0,13,0,13,0,13,0,13,13,15,0,13,0,13,53,45,29,33,49,43,57,56,117,69,111,84,114,94,287,128,79,51,22,21,196,92,128,69,113,117,45,42,0,13,0,13
1400000US44007000600,44007000600,"Census Tract 6, Providence County, Rhode Island",1144,211,44,34,4,9,0,13,0,13,10,17,0,13,4,9,0,13,4,9,71,50,61,45,47,43,72,59,30,34,63,38,208,115,41,44,40,36,233,65,53,38,100,57,41,35,7,11,11,15
1400000US44007000700,44007000700,"Census Tract 7, Providence County, Rhode Island",1429,237,83,38,0,13,0,13,0,13,35,48,7,10,0,13,15,19,30,23,13,15,75,59,42,48,113,80,77,44,57,41,283,144,125,76,101,80,183,103,74,55,72,36,40,40,0,13,4,8
1400000US44007000800,44007000800,"Census Tract 8, Providence County, Rhode Island",1788,195,0,13,0,13,0,13,40,49,0,13,0,13,0,13,41,48,49,55,86,71,42,35,22,36,41,48,37,33,31,19,372,128,72,32,62,34,159,78,46,32,299,81,205,83,131,95,53,56
1400000US44007000900,44007000900,"Census Tract 9, Providence County, Rhode Island",1237,212,29,24,0,13,0,13,0,13,0,13,32,30,16,23,12,18,66,102,0,13,77,58,39,39,109,58,1,3,25,38,277,119,76,56,18,22,156,71,90,44,169,76,37,37,0,13,8,40
1400000US44007001000,44007001000,"Census Tract 10, Providence County, Rhode Island",1645,385,0,13,0,13,0,13,28,42,0,13,0,13,37,59,12,18,85,123,44,52,78,68,90,82,91,77,113,85,37,33,309,162,43,51,61,58,256,112,26,23,189,83,101,62,22,25,23,30
1400000US44007001100,44007001100,"Census Tract 11, Providence County, Rhode Island",1533,213,50,32,0,13,0,13,0,13,0,13,0,13,0,13,0,13,116,161,0,13,14,23,83,49,33,43,65,43,20,28,160,76,67,62,19,30,190,76,64,53,405,124,169,89,33,32,45,43
1400000US44007001200,44007001200,"Census Tract 12, Providence County, Rhode Island",1737,232,48,43,0,13,0,13,0,13,5,14,23,23,22,33,0,13,18,28,7,11,150,73,72,41,74,55,15,25,35,26,225,89,61,42,19,21,349,155,176,92,260,111,121,61,31,26,26,26
1400000US44007001300,44007001300,"Census Tract 13, Providence County, Rhode Island",2852,379,363,167,0,13,0,13,52,53,110,96,0,13,93,69,38,41,141,116,15,22,140,94,98,62,73,64,120,88,56,50,401,140,83,50,80,56,361,136,82,56,311,106,142,66,56,47,37,37
1400000US44007001400,44007001400,"Census Tract 14, Providence County, Rhode Island",3912,484,406,181,0,18,0,18,18,29,61,58,63,55,7,16,64,80,360,192,52,65,297,181,119,116,207,100,143,108,48,62,866,226,355,149,172,150,378,167,62,48,186,107,3,7,22,36,23,30
1400000US44007001500,44007001500,"Census Tract 15, Providence County, Rhode Island",1882,233,62,39,0,13,0,13,16,25,0,13,17,18,13,21,9,16,30,35,41,40,105,98,55,52,90,87,72,43,29,25,402,136,103,52,171,128,239,122,98,53,224,104,78,51,20,19,8,13
1400000US44007001600,44007001600,"Census Tract 16, Providence County, Rhode Island",5478,572,543,298,0,18,0,18,34,50,83,70,157,122,62,69,77,77,270,164,37,42,348,179,268,168,263,152,159,112,176,101,1340,309,333,187,244,135,512,238,182,122,256,150,94,76,40,42,0,18
1400000US44007001700,44007001700,"Census Tract 17, Providence County, Rhode Island",2123,205,62,45,0,13,0,13,0,13,28,32,28,25,59,46,30,28,30,35,57,45,62,57,15,19,104,70,133,89,22,33,558,151,206,88,101,66,258,115,141,69,167,79,50,32,12,21,0,13
1400000US44007001800,44007001800,"Census Tract 18, Providence County, Rhode Island",3815,388,240,102,0,18,0,18,75,85,137,113,137,98,18,30,15,24,27,39,75,94,100,84,179,103,126,87,254,147,120,81,991,304,406,172,67,69,315,130,244,108,276,101,13,20,0,18,0,18
1400000US44007001900,44007001900,"Census Tract 19, Providence County, Rhode Island",2623,446,161,98,0,18,0,18,0,18,69,58,73,71,54,56,18,30,239,210,59,51,69,62,135,94,205,121,43,48,54,43,389,180,251,181,163,98,266,135,89,57,211,90,75,42,0,18,0,18
1400000US44007002000,44007002000,"Census Tract 20, Providence County, Rhode Island",3454,388,137,85,0,18,0,18,10,16,50,68,12,17,0,18,0,18,260,148,54,63,53,32,256,154,154,92,246,110,155,105,684,207,240,123,54,55,360,120,135,94,461,201,88,62,43,51,2,4
1400000US44007002101,44007002101,"Census Tract 21.01, Providence County, Rhode Island",1576,264,74,80,0,13,0,13,0,13,0,13,32,48,0,13,0,13,172,96,0,13,17,30,17,20,11,12,66,72,0,13,224,110,111,67,96,84,202,95,83,47,314,100,123,66,14,17,20,30
1400000US44007002102,44007002102,"Census Tract 21.02, Providence County, Rhode Island",3168,465,123,111,0,18,0,18,0,18,0,18,102,124,43,59,37,51,129,117,83,87,156,112,141,111,69,69,123,85,136,102,602,221,130,102,153,91,553,209,190,92,311,139,45,46,15,17,27,42
1400000US44007002200,44007002200,"Census Tract 22, Providence County, Rhode Island",2845,281,83,51,0,18,0,18,0,18,0,18,32,52,0,18,0,18,243,119,42,36,29,36,184,112,111,95,166,104,63,40,651,172,173,91,202,102,440,157,121,75,229,95,61,46,0,18,15,23
1400000US44007002300,44007002300,"Census Tract 23, Providence County, Rhode Island",2728,328,18,22,0,13,0,13,0,13,5,11,4,11,0,13,0,13,18,18,5,11,34,41,10,16,39,33,208,127,34,34,457,155,9,17,160,88,240,133,208,122,686,179,410,157,111,87,72,71
1400000US44007002400,44007002400,"Census Tract 24, Providence County, Rhode Island",3543,259,17,39,0,18,0,18,0,18,0,18,0,18,5,19,3,15,137,131,23,32,35,48,15,20,26,37,34,54,72,63,577,184,92,67,208,108,651,198,272,98,501,146,598,166,114,74,163,121
1400000US44007002500,44007002500,"Census Tract 25, Providence County, Rhode Island",1660,208,41,45,0,13,0,13,24,40,0,13,0,13,0,13,0,13,0,13,0,13,29,48,16,26,88,55,30,34,0,13,300,136,73,61,50,49,252,137,114,66,239,94,137,85,188,87,79,65
1400000US44007002600,44007002600,"Census Tract 26, Providence County, Rhode Island",1708,231,170,97,0,13,0,13,0,13,21,35,7,10,20,23,26,48,148,105,64,45,91,61,30,34,76,55,95,70,23,33,310,105,111,73,39,36,149,70,134,82,142,74,39,33,13,20,0,13
1400000US44007002700,44007002700,"Census Tract 27, Providence County, Rhode Island",2469,227,97,56,0,18,0,18,0,18,27,34,33,49,0,18,0,18,91,86,52,42,90,60,159,87,169,76,53,41,44,47,486,145,95,71,120,70,425,131,166,76,238,85,70,47,29,31,25,31
1400000US44007002800,44007002800,"Census Tract 28, Providence County, Rhode Island",3855,642,74,65,0,18,0,18,0,18,0,18,47,65,23,35,0,18,60,78,0,18,47,37,238,203,160,141,111,90,42,48,1192,380,180,106,336,141,522,208,190,186,498,186,94,91,41,65,0,18
1400000US44007002900,44007002900,"Census Tract 29, Providence County, Rhode Island",4194,348,50,45,0,18,0,18,0,18,14,23,0,18,56,31,49,64,71,61,67,75,126,101,129,84,145,111,92,104,148,145,771,223,169,96,260,112,813,203,394,133,556,253,238,114,20,32,26,31
1400000US44007003100,44007003100,"Census Tract 31, Providence County, Rhode Island",3172,390,88,95,0,13,0,13,0,13,0,13,0,13,4,10,0,13,0,13,49,68,106,60,62,74,46,49,82,79,5,9,517,228,16,27,112,104,337,155,227,97,885,223,340,136,112,70,184,155
1400000US44007003200,44007003200,"Census Tract 32, Providence County, Rhode Island",2334,235,68,103,0,13,0,13,0,13,0,13,0,13,10,16,0,13,0,13,9,15,16,25,24,38,40,31,9,17,0,13,167,93,19,23,102,100,175,85,86,68,722,176,459,110,200,88,228,66
1400000US44007003300,44007003300,"Census Tract 33, Providence County, Rhode Island",3128,284,58,50,0,13,0,13,0,13,6,10,0,13,0,13,0,13,5,11,24,30,42,42,8,18,82,84,8,13,17,23,408,156,34,31,24,27,246,140,109,61,886,166,697,150,227,82,247,124
1400000US44007003400,44007003400,"Census Tract 34, Providence County, Rhode Island",3838,251,7,16,0,18,0,18,0,18,0,18,0,18,0,18,13,30,6,15,11,17,7,15,22,26,8,14,20,27,0,18,79,50,0,18,0,18,267,131,97,59,1248,266,761,173,673,146,619,242
1400000US44007003500,44007003500,"Census Tract 35, Providence County, Rhode Island",3549,419,1,2,0,13,0,13,0,13,1,2,1,2,2,3,0,13,0,13,11,15,5,5,0,13,40,52,1,2,15,24,457,196,40,45,1,2,351,182,58,49,1023,236,795,197,366,128,381,156
1400000US44007003601,44007003601,"Census Tract 36.01, Providence County, Rhode Island",918,130,0,13,0,13,0,13,0,13,0,13,0,13,0,13,0,13,0,13,0,13,0,13,1,2,0,13,0,13,0,13,58,53,0,13,22,25,8,14,0,13,248,90,360,112,93,45,128,65
1400000US44007003602,44007003602,"Census Tract 36.02, Providence County, Rhode Island",950,121,0,18,0,18,0,18,0,18,0,18,5,8,0,18,0,18,0,18,0,18,0,18,2,3,0,18,0,18,0,18,34,37,0,18,20,25,32,25,6,9,366,88,235,80,132,67,118,53
1400000US44007003700,44007003700,"Census Tract 37, Providence County, Rhode Island",2647,430,36,28,0,13,0,13,0,13,36,56,8,19,35,55,0,13,0,13,0,13,31,40,9,22,54,52,40,36,11,17,143,81,52,39,105,80,258,118,157,118,1067,346,358,97,121,69,126,64
1400000US44007010101,44007010101,"Census Tract 101.01, Providence County, Rhode Island",2977,187,35,36,0,13,7,12,0,13,0,13,0,13,27,41,0,13,0,13,0,13,9,14,69,73,37,33,46,33,20,22,631,140,230,97,179,66,384,133,248,92,685,125,265,72,63,46,42,48
1400000US44007010102,44007010102,"Census Tract 101.02, Providence County, Rhode Island",2700,153,47,41,0,13,0,13,0,13,0,13,0,13,0,13,0,13,9,15,0,13,21,23,93,105,46,34,44,47,78,58,491,128,93,54,168,110,193,108,197,98,639,150,405,111,119,58,57,41
1400000US44007010200,44007010200,"Census Tract 102, Providence County, Rhode Island",4509,330,146,107,0,18,0,18,0,18,16,25,26,35,122,75,0,18,71,64,7,12,63,43,78,72,113,83,374,169,141,157,1172,238,366,160,276,112,566,208,207,109,512,187,173,93,49,50,31,49
1400000US44007010300,44007010300,"Census Tract 103, Providence County, Rhode Island",3069,211,107,53,0,13,0,13,0,13,10,16,43,54,111,68,16,25,73,50,29,27,93,44,81,63,93,57,66,64,120,65,832,200,76,44,107,52,471,174,189,65,340,113,171,95,22,24,19,20
1400000US44007010400,44007010400,"Census Tract 104, Providence County, Rhode Island",4992,332,248,158,6,13,0,18,0,18,0,18,56,69,187,113,10,17,51,49,123,103,155,139,212,117,227,121,185,114,44,41,1113,217,388,172,294,123,667,204,275,106,453,174,198,107,100,145,0,18
1400000US44007010501,44007010501,"Census Tract 105.01, Providence County, Rhode Island",3127,258,70,44,0,13,0,13,0,13,0,13,4,10,151,72,8,13,5,10,0,13,87,66,29,33,119,70,59,45,66,45,990,192,179,70,228,85,347,87,170,79,462,161,104,52,36,26,13,15
1400000US44007010502,44007010502,"Census Tract 105.02, Providence County, Rhode Island",3878,319,40,55,0,18,0,18,0,18,0,18,110,115,171,180,0,18,0,18,56,72,104,57,54,51,63,63,47,39,73,47,853,220,145,87,156,83,598,179,242,102,755,234,305,146,96,89,10,16
1400000US44007010600,44007010600,"Census Tract 106, Providence County, Rhode Island",4219,393,24,33,0,18,0,18,0,18,0,18,0,18,0,18,0,18,17,27,17,28,108,95,60,49,94,83,113,96,57,44,1048,256,220,126,253,110,586,201,339,152,883,250,327,140,57,45,16,27
1400000US44007010701,44007010701,"Census Tract 107.01, Providence County, Rhode Island",1621,164,9,14,0,13,0,13,0,13,0,13,0,13,0,13,0,13,0,13,0,13,0,13,11,16,60,38,95,50,42,34,518,114,80,47,177,86,235,69,92,45,189,64,82,46,31,28,0,13
1400000US44007010702,44007010702,"Census Tract 107.02, Providence County, Rhode Island",3208,166,7,8,0,13,0,13,0,13,0,13,0,13,0,13,0,13,0,13,34,40,46,40,14,21,50,38,39,30,21,24,867,134,136,65,166,67,457,128,311,93,730,133,279,81,43,32,8,12
1400000US44007010800,44007010800,"Census Tract 108, Providence County, Rhode Island",2735,332,114,66,0,13,10,16,11,18,36,35,55,52,67,51,48,41,158,111,124,74,172,88,98,63,121,58,43,41,77,51,578,165,140,79,142,102,267,122,204,102,125,60,116,92,20,24,9,14
1400000US44007010900,44007010900,"Census Tract 109, Providence County, Rhode Island",2682,424,181,119,0,13,26,42,22,35,73,72,98,64,73,71,51,49,188,111,77,68,55,51,180,120,176,100,207,95,48,58,534,192,125,76,95,56,237,93,86,54,125,65,9,14,7,13,9,20
1400000US44007011000,44007011000,"Census Tract 110, Providence County, Rhode Island",2950,257,174,71,0,18,0,18,0,18,27,34,17,28,101,65,53,46,115,83,0,18,131,101,279,138,220,99,82,57,74,63,662,125,197,108,76,50,306,103,188,89,167,81,61,52,20,31,0,18
1400000US44007011100,44007011100,"Census Tract 111, Providence County, Rhode Island",2746,448,207,144,0,13,0,13,56,66,68,68,56,50,75,60,110,152,236,152,76,71,151,117,127,96,178,103,83,60,23,32,543,169,125,72,151,92,301,146,9,13,152,75,18,22,0,13,1,2
1400000US44007011200,44007011200,"Census Tract 112, Providence County, Rhode Island",4114,329,40,40,0,18,0,18,0,18,0,18,0,18,100,80,0,18,167,154,36,38,66,44,105,66,111,64,165,105,87,67,828,239,212,104,298,111,546,178,385,157,667,185,257,194,44,45,0,18
1400000US44007011301,44007011301,"Census Tract 113.01, Providence County, Rhode Island",3065,183,1,2,0,13,0,13,0,13,0,13,0,13,0,13,54,62,50,50,18,21,41,33,95,67,87,56,20,23,57,42,667,142,109,62,151,64,466,140,313,117,589,137,300,101,47,48,0,13
1400000US44007011302,44007011302,"Census Tract 113.02, Providence County, Rhode Island",2945,154,48,38,0,13,0,13,0,13,0,13,0,13,0,13,0,13,0,13,0,13,45,45,19,30,79,49,6,9,68,56,661,134,234,107,173,79,385,96,293,98,458,133,385,113,47,36,44,49
1400000US44007011401,44007011401,"Census Tract 114.01, Providence County, Rhode Island",5736,275,21,32,0,18,0,18,0,18,17,26,0,18,57,56,0,18,2,5,86,93,91,87,59,77,14,24,65,53,70,48,766,200,109,61,312,144,687,228,640,181,1799,260,812,160,85,63,44,40
1400000US44007011402,44007011402,"Census Tract 114.02, Providence County, Rhode Island",3089,170,17,24,0,13,0,13,0,13,0,13,0,13,0,13,0,13,4,9,0,13,31,32,60,61,44,29,46,46,0,13,551,136,41,31,171,72,329,142,270,82,905,136,541,130,54,39,25,28
1400000US44007011403,44007011403,"Census Tract 114.03, Providence County, Rhode Island",5083,243,57,49,0,18,0,18,0,18,0,18,0,18,0,18,0,18,0,18,5,11,0,18,38,36,112,80,83,53,76,73,1375,279,261,129,351,133,527,149,531,160,972,242,591,192,66,49,38,46
1400000US44007011500,44007011500,"Census Tract 115, Providence County, Rhode Island",4255,331,17,24,0,18,0,18,5,15,0,18,0,18,9,15,10,23,20,32,14,26,65,45,133,104,79,57,82,85,21,28,855,272,194,97,200,87,710,240,225,90,1074,253,451,178,59,47,32,36
1400000US44007011600,44007011600,"Census Tract 116, Providence County, Rhode Island",4337,251,11,23,0,18,0,18,0,18,0,18,0,18,13,23,0,18,32,46,0,18,38,40,46,74,46,41,58,54,66,65,766,219,117,78,161,93,293,121,598,246,1087,202,777,221,177,98,51,48
1400000US44007011701,44007011701,"Census Tract 117.01, Providence County, Rhode Island",3341,248,3,8,0,13,0,13,0,13,0,13,0,13,0,13,33,51,24,27,0,13,100,105,136,74,64,46,33,32,39,33,886,217,97,65,292,90,372,108,287,109,582,139,284,89,91,48,18,19
1400000US44007011702,44007011702,"Census Tract 117.02, Providence County, Rhode Island",3010,261,23,25,0,13,0,13,0,13,0,13,0,13,0,13,7,12,1,3,9,14,14,16,56,34,59,42,35,26,18,20,730,195,66,45,153,80,476,115,309,100,745,146,257,104,43,38,9,15
1400000US44007011800,44007011800,"Census Tract 118, Providence County, Rhode Island",4638,493,157,117,0,18,0,18,0,18,94,153,0,18,17,27,14,22,0,18,3,7,64,45,67,53,37,27,54,41,97,91,1126,265,247,99,370,155,1004,295,381,156,629,259,233,114,35,42,9,17
1400000US44007011901,44007011901,"Census Tract 119.01, Providence County, Rhode Island",2256,284,14,26,0,13,0,13,0,13,0,13,9,14,0,13,0,13,27,31,0,13,92,102,17,21,73,68,47,42,55,53,577,184,63,58,177,100,331,132,189,134,357,195,192,107,26,29,10,18
1400000US44007011902,44007011902,"Census Tract 119.02, Providence County, Rhode Island",4195,322,0,13,0,13,0,13,0,13,0,13,0,13,15,24,0,13,0,13,58,74,36,55,37,43,44,46,120,62,64,54,977,205,209,120,149,122,646,207,422,184,795,181,446,138,100,89,77,65
1400000US44007012000,44007012000,"Census Tract 120, Providence County, Rhode Island",4572,253,0,18,0,18,0,18,0,18,0,18,0,18,24,37,13,21,19,29,30,37,17,27,140,174,70,77,59,49,92,58,846,202,220,120,199,120,672,187,464,173,1078,204,435,158,123,75,71,55
1400000US44007012102,44007012102,"Census Tract 121.02, Providence County, Rhode Island",3195,247,0,13,0,13,0,13,0,13,0,13,53,55,0,13,0,13,0,13,9,14,121,75,36,26,73,64,34,29,63,48,856,192,137,86,92,61,500,170,413,169,573,142,169,72,22,26,44,41
1400000US44007012103,44007012103,"Census Tract 121.03, Providence County, Rhode Island",2349,235,43,47,0,13,0,13,0,13,0,13,6,11,0,13,0,13,16,33,34,43,71,45,23,39,99,65,52,39,105,85,490,125,81,49,105,60,371,158,202,98,418,137,233,164,0,13,0,13
1400000US44007012104,44007012104,"Census Tract 121.04, Providence County, Rhode Island",3187,245,97,63,0,13,0,13,0,13,0,13,0,13,0,13,0,13,0,13,0,13,26,31,16,25,49,39,90,64,32,34,895,198,258,227,198,104,464,145,267,118,591,162,173,82,31,42,0,13
1400000US44007012200,44007012200,"Census Tract 122, Providence County, Rhode Island",5388,363,26,23,0,18,0,18,0,18,0,18,0,18,0,18,84,79,3,6,24,32,61,44,86,68,112,58,119,106,33,38,1503,285,152,75,325,154,700,237,626,173,979,220,409,161,76,51,70,50
1400000US44007012300,44007012300,"Census Tract 123, Providence County, Rhode Island",4694,321,50,48,0,18,0,18,0,18,0,18,0,18,0,18,0,18,11,19,0,18,87,102,101,67,152,81,260,153,105,104,1131,278,192,121,442,188,438,167,472,188,880,227,322,144,17,28,34,38
1400000US44007012401,44007012401,"Census Tract 124.01, Providence County, Rhode Island",5374,363,51,48,0,18,0,18,0,18,0,18,17,27,0,18,14,23,51,55,0,18,28,36,100,54,211,112,355,144,94,67,1964,418,168,96,209,92,543,207,513,147,668,167,245,107,115,116,28,44
1400000US44007012402,44007012402,"Census Tract 124.02, Providence County, Rhode Island",1983,184,27,27,0,13,0,13,0,13,8,13,0,13,0,13,0,13,45,57,0,13,26,29,21,27,23,25,62,41,36,37,620,162,131,61,114,61,200,127,209,79,335,119,108,59,18,21,0,13
1400000US44007012500,44007012500,"Census Tract 125, Providence County, Rhode Island",3884,308,57,59,12,20,0,18,0,18,0,18,0,18,0,18,18,29,0,18,23,27,68,65,135,112,278,141,133,81,91,65,1123,227,354,135,268,119,334,156,275,116,600,180,81,58,34,40,0,18
1400000US44007012601,44007012601,"Census Tract 126.01, Providence County, Rhode Island",1240,96,18,20,0,13,0,13,0,13,0,13,0,13,0,13,0,13,0,13,0,13,31,32,0,13,0,13,0,13,33,29,277,82,23,15,59,33,129,53,178,69,299,92,166,81,21,24,6,9
1400000US44007012602,44007012602,"Census Tract 126.02, Providence County, Rhode Island",5129,264,0,18,0,18,0,18,0,18,0,18,0,18,0,18,7,16,9,19,7,16,77,67,27,38,113,76,84,78,32,37,1101,185,105,88,518,172,1077,263,343,130,913,197,561,188,88,66,67,70
1400000US44007012701,44007012701,"Census Tract 127.01, Providence County, Rhode Island",3975,268,8,18,3,7,0,18,0,18,0,18,0,18,3,7,3,6,10,12,8,17,86,46,18,24,125,82,46,34,67,52,878,196,107,79,306,131,521,140,377,147,930,174,319,124,69,44,91,89
1400000US44007012702,44007012702,"Census Tract 127.02, Providence County, Rhode Island",3408,209,16,18,0,13,0,13,0,13,0,13,0,13,0,13,0,13,0,13,14,21,47,35,89,61,16,18,10,15,62,38,875,145,123,74,218,84,427,122,263,80,663,126,431,120,126,60,28,26
1400000US44007012801,44007012801,"Census Tract 128.01, Providence County, Rhode Island",3709,277,16,17,0,13,0,13,0,13,0,13,0,13,0,13,0,13,0,13,22,30,118,79,97,78,87,69,45,52,20,20,1116,233,62,54,284,125,621,170,299,123,577,169,251,116,50,42,44,44
1400000US44007012802,44007012802,"Census Tract 128.02, Providence County, Rhode Island",1742,132,9,13,0,13,0,13,0,13,0,13,0,13,0,13,0,13,11,16,10,16,0,13,37,43,52,41,30,21,28,17,464,101,118,56,161,61,194,60,146,46,316,84,147,50,6,10,13,13
1400000US44007012803,44007012803,"Census Tract 128.03, Providence County, Rhode Island",3319,195,52,40,0,13,0,13,0,13,0,13,0,13,0,13,0,13,57,45,42,35,80,38,11,19,73,51,49,31,41,38,740,145,95,51,340,105,298,91,303,106,717,127,364,113,51,37,6,10
1400000US44007012900,44007012900,"Census Tract 129, Providence County, Rhode Island",3588,275,58,64,0,13,0,13,0,13,19,31,0,13,0,13,0,13,0,13,13,23,29,33,100,76,227,174,86,66,73,50,1168,231,238,105,340,113,564,164,216,102,364,117,64,53,29,31,0,13
1400000US44007013001,44007013001,"Census Tract 130.01, Providence County, Rhode Island",2841,192,68,36,0,13,0,13,0,13,0,13,0,13,0,13,7,11,9,16,5,10,51,37,92,60,17,16,67,38,18,20,766,141,150,66,245,94,379,122,317,99,350,115,243,99,44,39,13,20
1400000US44007013002,44007013002,"Census Tract 130.02, Providence County, Rhode Island",5325,241,54,48,0,18,0,18,0,18,0,18,0,18,0,18,0,18,3,8,53,60,59,49,154,113,141,78,308,145,27,37,1382,262,412,143,405,140,613,205,337,123,1033,192,240,107,46,43,58,54
1400000US44007013101,44007013101,"Census Tract 131.01, Providence County, Rhode Island",3321,184,30,37,0,13,0,13,0,13,10,15,0,13,10,15,0,13,14,15,11,17,54,39,51,36,54,32,45,43,45,33,904,179,121,54,201,66,433,107,328,97,632,155,275,85,58,35,45,35
1400000US44007013102,44007013102,"Census Tract 131.02, Providence County, Rhode Island",3606,218,17,23,0,13,0,13,0,13,0,13,0,13,0,13,0,13,15,23,33,32,53,41,28,27,10,17,45,41,49,59,869,157,99,66,227,84,593,196,348,108,772,213,344,127,53,41,51,48
1400000US44007013201,44007013201,"Census Tract 132.01, Providence County, Rhode Island",3437,177,14,17,0,13,0,13,0,13,0,13,0,13,0,13,0,13,0,13,12,19,39,47,30,29,105,53,110,79,12,19,864,167,83,49,173,69,350,113,430,121,783,126,322,109,53,39,57,41
1400000US44007013202,44007013202,"Census Tract 132.02, Providence County, Rhode Island",4188,203,93,100,0,18,0,18,0,18,0,18,0,18,0,18,37,58,0,18,0,18,0,18,7,16,30,34,23,35,72,80,1206,250,144,94,247,136,549,166,519,172,776,188,341,132,128,68,16,26
1400000US44007013300,44007013300,"Census Tract 133, Providence County, Rhode Island",3190,133,53,34,0,13,0,13,0,13,0,13,0,13,0,13,10,15,11,15,16,17,69,60,52,35,87,43,44,30,18,17,869,184,92,46,223,71,401,113,353,107,512,161,324,129,32,25,24,17
1400000US44007013400,44007013400,"Census Tract 134, Providence County, Rhode Island",2727,193,18,19,0,13,0,13,0,13,0,13,0,13,0,13,10,15,1,3,11,17,1,4,27,32,19,29,18,20,11,26,375,101,84,53,46,30,306,96,230,90,761,139,390,109,261,94,158,73
1400000US44007013500,44007013500,"Census Tract 135, Providence County, Rhode Island",2633,294,45,39,0,13,0,13,40,47,9,14,13,21,9,14,33,53,0,13,0,13,52,65,32,30,36,34,21,36,25,25,617,163,38,39,133,50,519,126,200,78,364,121,318,100,52,43,77,44
1400000US44007013600,44007013600,"Census Tract 136, Providence County, Rhode Island",2078,169,3,7,0,13,0,13,0,13,0,13,39,58,0,13,0,13,34,35,0,13,22,32,68,69,39,48,65,40,10,15,661,157,121,68,106,64,251,152,89,53,315,99,157,77,55,46,43,37
1400000US44007013701,44007013701,"Census Tract 137.01, Providence County, Rhode Island",2679,214,32,33,0,13,0,13,0,13,27,42,0,13,68,57,13,20,10,16,0,13,55,48,54,40,43,33,89,56,64,55,589,155,139,78,158,69,410,129,187,77,512,114,185,77,44,32,0,13
1400000US44007013702,44007013702,"Census Tract 137.02, Providence County, Rhode Island",1822,148,76,48,0,13,0,13,0,13,0,13,0,13,14,22,7,12,0,13,0,13,39,35,13,21,34,39,0,13,23,23,311,108,74,43,129,55,265,110,133,73,383,106,231,88,37,29,53,41
1400000US44007013800,44007013800,"Census Tract 138, Providence County, Rhode Island",3278,206,3,5,0,13,0,13,0,13,0,13,0,13,0,13,0,13,0,13,0,13,17,28,71,77,63,51,81,66,49,54,774,214,100,67,299,110,488,159,174,91,875,222,201,88,65,60,18,28
1400000US44007013900,44007013900,"Census Tract 139, Providence County, Rhode Island",2204,166,7,14,0,13,0,13,0,13,16,25,0,13,14,22,0,13,20,30,0,13,46,38,12,18,15,25,61,56,20,21,568,142,47,42,100,51,364,112,268,100,386,134,209,80,31,28,20,23
1400000US44007014000,44007014000,"Census Tract 140, Providence County, Rhode Island",3947,383,46,38,0,18,0,18,0,18,0,18,0,18,0,18,0,18,18,28,71,47,36,41,101,94,201,89,157,89,44,44,960,305,280,165,115,78,466,175,322,106,751,175,258,128,77,53,44,73
1400000US44007014100,44007014100,"Census Tract 141, Providence County, Rhode Island",3365,340,126,119,0,18,0,18,16,24,0,18,0,18,16,24,0,18,21,27,10,15,44,46,85,70,89,70,295,174,7,12,1090,304,173,76,191,92,539,189,327,118,265,96,41,45,30,37,0,18
1400000US44007014200,44007014200,"Census Tract 142, Providence County, Rhode Island",4666,265,21,24,0,18,0,18,9,17,0,18,9,16,9,17,24,20,72,43,76,62,290,114,208,102,221,78,387,116,53,33,1145,164,542,126,298,99,525,113,234,67,415,96,99,48,29,23,0,18
1400000US44007014300,44007014300,"Census Tract 143, Providence County, Rhode Island",3902,238,23,29,0,18,0,18,11,18,0,18,0,18,0,18,21,33,27,43,0,18,39,33,57,58,72,47,118,76,116,74,721,181,168,99,120,66,584,151,272,111,720,153,596,168,191,93,46,52
1400000US44007014400,44007014400,"Census Tract 144, Providence County, Rhode Island",2779,185,36,29,0,13,0,13,0,13,0,13,0,13,0,13,0,13,15,17,9,14,12,18,0,13,21,23,75,69,31,29,621,130,13,18,123,60,210,69,315,99,872,188,333,91,64,56,29,26
1400000US44007014501,44007014501,"Census Tract 145.01, Providence County, Rhode Island",3347,152,8,13,0,18,0,18,13,19,0,18,0,18,0,18,13,19,2,7,0,18,29,33,12,19,17,22,12,20,93,56,618,134,47,35,163,64,302,88,499,124,1023,140,333,99,83,43,80,43
1400000US44007014502,44007014502,"Census Tract 145.02, Providence County, Rhode Island",3134,178,20,30,0,13,0,13,0,13,0,13,0,13,0,13,0,13,0,13,0,13,51,38,53,47,45,35,8,11,24,23,822,143,149,74,224,110,463,142,400,116,559,143,288,129,18,20,10,17
1400000US44007014600,44007014600,"Census Tract 146, Providence County, Rhode Island",4882,300,76,70,0,18,0,18,0,18,0,18,0,18,0,18,8,18,23,36,0,18,22,33,29,28,104,75,37,35,28,33,1518,355,183,112,207,94,398,131,426,161,1133,221,402,129,174,93,114,84
1400000US44007014700,44007014700,"Census Tract 147, Providence County, Rhode Island",5204,390,139,97,0,18,0,18,0,18,8,12,47,61,44,55,52,50,25,39,54,67,19,29,89,74,141,94,226,167,64,45,1751,326,326,147,313,139,775,209,443,190,482,176,157,130,34,38,15,23
1400000US44007014800,44007014800,"Census Tract 148, Providence County, Rhode Island",3799,318,3,5,0,18,0,18,0,18,0,18,11,18,6,14,20,33,0,18,30,28,37,38,77,58,127,70,99,57,30,27,1126,248,186,123,54,41,411,111,598,189,680,172,209,82,59,46,36,35
1400000US44007015000,44007015000,"Census Tract 150, Providence County, Rhode Island",3391,369,52,36,0,18,0,18,0,18,0,18,10,17,36,39,3,6,3,5,12,19,12,17,124,76,119,61,91,50,211,117,906,228,179,88,188,93,472,168,378,133,454,192,121,66,20,22,0,18
1400000US44007015100,44007015100,"Census Tract 151, Providence County, Rhode Island",2705,295,158,88,0,13,0,13,0,13,16,23,75,60,121,66,13,20,47,45,62,61,165,88,156,89,180,95,75,47,65,49,627,160,229,81,60,39,281,118,170,95,127,60,55,47,23,27,0,13
1400000US44007015200,44007015200,"Census Tract 152, Providence County, Rhode Island",1744,259,76,67,0,13,0,13,0,13,0,13,19,29,106,80,125,110,0,13,32,51,119,77,103,73,43,33,63,54,38,29,273,100,135,86,171,76,90,68,88,65,184,93,44,51,18,29,17,39
1400000US44007015300,44007015300,"Census Tract 153, Providence County, Rhode Island",1313,168,24,20,12,20,0,13,0,13,0,13,0,13,62,51,23,28,45,42,42,44,22,20,26,23,41,37,113,55,99,60,331,99,78,48,64,51,186,65,54,36,90,51,1,2,0,13,0,13
1400000US44007015400,44007015400,"Census Tract 154, Providence County, Rhode Island",1506,170,115,87,0,13,0,13,13,21,25,26,8,13,79,68,0,13,5,10,0,13,30,24,42,36,52,31,40,34,99,109,372,114,116,74,79,64,240,98,59,47,95,49,37,38,0,13,0,13
1400000US44007015500,44007015500,"Census Tract 155, Providence County, Rhode Island",2807,248,122,103,0,13,0,13,0,13,0,13,0,13,80,100,10,17,52,59,9,16,77,54,86,66,35,27,81,72,40,29,835,199,156,107,235,102,419,185,271,127,222,94,61,53,16,18,0,13
1400000US44007015600,44007015600,"Census Tract 156, Providence County, Rhode Island",1918,228,56,32,0,13,0,13,0,13,0,13,0,13,14,15,0,13,45,35,0,13,84,61,59,43,89,52,54,45,115,65,637,157,120,63,137,68,234,89,165,81,68,49,33,44,0,13,8,13
1400000US44007015700,44007015700,"Census Tract 157, Providence County, Rhode Island",2634,286,52,40,0,13,0,13,0,13,0,13,0,13,0,13,0,13,0,13,0,13,80,68,74,48,75,60,73,42,65,47,683,187,121,53,145,71,465,147,256,124,402,169,95,53,48,33,0,13
1400000US44007015800,44007015800,"Census Tract 158, Providence County, Rhode Island",2595,171,36,31,0,13,0,13,0,13,0,13,0,13,0,13,0,13,6,10,25,26,39,45,51,53,70,46,52,34,27,25,676,137,147,79,173,65,486,149,288,114,440,137,69,51,0,13,10,15
1400000US44007015900,44007015900,"Census Tract 159, Providence County, Rhode Island",2146,239,82,55,0,13,0,13,0,13,0,13,0,13,33,37,10,15,9,13,0,13,54,48,19,22,59,63,9,14,97,63,595,156,177,108,105,61,355,170,233,115,258,100,19,24,23,28,9,15
1400000US44007016000,44007016000,"Census Tract 160, Providence County, Rhode Island",1958,177,3,6,0,13,0,13,0,13,0,13,0,13,38,39,11,17,8,13,10,16,48,40,36,40,53,51,151,80,120,88,577,142,51,47,150,102,250,106,119,54,214,87,65,36,26,30,28,38
1400000US44007016100,44007016100,"Census Tract 161, Providence County, Rhode Island",3016,369,54,44,0,13,0,13,0,13,44,40,9,14,48,46,12,24,27,28,87,75,67,59,159,90,93,64,186,82,211,122,922,230,130,74,72,55,394,118,93,56,231,87,86,69,73,70,18,24
1400000US44007016300,44007016300,"Census Tract 163, Providence County, Rhode Island",1931,119,61,59,0,13,0,13,0,13,0,13,0,13,0,13,0,13,0,13,2,5,53,45,38,32,14,22,45,33,30,26,472,113,77,42,137,57,335,114,211,90,300,108,127,65,7,11,22,22
1400000US44007016400,44007016400,"Census Tract 164, Providence County, Rhode Island",2571,255,122,80,0,13,0,13,0,13,31,49,60,39,83,69,9,15,34,40,67,51,166,92,84,53,124,56,98,63,85,73,553,116,141,69,76,49,434,154,50,34,280,104,59,44,15,17,0,13
1400000US44007016500,44007016500,"Census Tract 165, Providence County, Rhode Island",2881,194,92,70,0,13,0,13,0,13,0,13,0,13,41,52,26,28,7,11,0,13,40,45,55,54,12,16,31,28,13,21,506,153,147,81,137,100,251,105,142,63,660,155,334,125,205,75,182,72
1400000US44007016600,44007016600,"Census Tract 166, Providence County, Rhode Island",1099,136,12,17,0,13,0,13,0,13,0,13,0,13,21,29,4,8,27,28,11,14,41,36,26,34,73,56,24,23,47,54,240,90,50,32,14,16,182,92,111,69,105,69,101,48,10,14,0,13
1400000US44007016700,44007016700,"Census Tract 167, Providence County, Rhode Island",1949,217,12,13,0,13,0,13,0,13,29,46,0,13,0,13,7,15,29,45,12,20,33,28,36,33,106,95,83,66,35,34,523,159,127,61,57,43,474,162,82,48,206,84,32,28,34,42,32,42
1400000US44007016800,44007016800,"Census Tract 168, Providence County, Rhode Island",2311,171,36,33,0,13,0,13,19,27,0,13,0,13,48,43,33,49,0,13,6,11,45,45,16,19,54,42,74,48,10,17,608,165,47,36,123,64,359,112,204,84,520,147,109,62,0,13,0,13
1400000US44007016900,44007016900,"Census Tract 169, Providence County, Rhode Island",1571,137,30,28,0,13,0,13,0,13,0,13,0,13,26,39,0,13,17,26,18,20,27,30,20,19,10,12,11,16,21,17,364,95,25,23,114,56,273,90,190,93,311,81,56,29,44,37,14,17
1400000US44007017000,44007017000,"Census Tract 170, Providence County, Rhode Island",3514,284,69,48,0,13,0,13,0,13,6,13,13,20,43,35,0,13,71,55,15,20,78,52,66,49,92,54,165,152,40,33,1038,215,201,93,178,74,437,119,273,90,531,155,168,63,7,12,23,25
1400000US44007017100,44007017100,"Census Tract 171, Providence County, Rhode Island",2954,324,182,93,0,13,0,13,0,13,0,13,7,14,21,28,7,13,52,55,50,52,100,93,89,60,83,62,85,59,37,41,822,250,179,98,209,89,520,132,159,79,231,105,96,101,10,16,15,23
1400000US44007017300,44007017300,"Census Tract 173, Providence County, Rhode Island",2201,208,8,13,0,13,0,13,0,13,0,13,0,13,0,13,0,13,0,13,0,13,0,13,68,57,30,32,72,66,17,22,649,147,74,49,179,83,456,145,160,65,342,102,99,56,47,36,0,13
1400000US44007017400,44007017400,"Census Tract 174, Providence County, Rhode Island",2369,266,38,39,0,13,0,13,0,13,6,13,0,13,21,34,0,13,19,22,122,88,90,58,134,103,106,54,188,88,35,32,477,145,149,79,196,89,393,160,169,89,193,107,33,28,0,13,0,13
1400000US44007017500,44007017500,"Census Tract 175, Providence County, Rhode Island",2185,193,37,35,0,13,0,13,0,13,0,13,0,13,0,13,28,46,0,13,20,33,56,46,40,30,75,61,49,48,9,16,660,140,135,70,134,53,248,101,283,119,331,106,72,48,0,13,8,12
1400000US44007017600,44007017600,"Census Tract 176, Providence County, Rhode Island",1498,179,85,74,0,13,0,13,0,13,0,13,0,13,0,13,0,13,18,17,28,22,8,12,114,72,44,46,146,87,8,12,312,107,67,37,188,76,336,98,75,44,34,28,35,30,0,13,0,13
1400000US44007017700,44007017700,"Census Tract 177, Providence County, Rhode Island",2632,209,87,60,0,13,23,34,0,13,0,13,29,43,0,13,0,13,21,31,47,38,54,31,77,42,61,41,20,23,19,23,706,162,137,90,276,135,422,98,191,87,390,123,66,40,0,13,6,9
1400000US44007017800,44007017800,"Census Tract 178, Providence County, Rhode Island",1887,207,44,46,0,13,0,13,0,13,0,13,4,9,8,19,8,10,11,21,32,37,112,66,80,53,80,58,97,74,30,37,479,124,155,83,56,47,259,113,100,72,265,116,61,44,5,12,1,4
1400000US44007017900,44007017900,"Census Tract 179, Providence County, Rhode Island",1921,262,42,43,0,13,0,13,0,13,0,13,0,13,30,36,0,13,10,15,21,20,76,61,58,50,57,54,85,79,68,43,576,167,226,107,78,51,267,129,123,65,172,96,24,21,0,13,8,18
1400000US44007018000,44007018000,"Census Tract 180, Providence County, Rhode Island",2040,173,113,66,0,13,0,13,0,13,0,13,0,13,0,13,25,39,0,13,126,64,70,41,165,92,124,68,88,69,25,39,535,154,148,60,68,42,323,115,48,38,131,64,51,76,0,13,0,13
1400000US44007018100,44007018100,"Census Tract 181, Providence County, Rhode Island",1829,217,102,78,0,13,0,13,0,13,0,13,5,9,0,13,0,13,0,13,0,13,161,106,94,80,62,51,18,23,14,15,556,124,215,112,134,56,224,98,90,46,83,59,55,55,15,25,1,3
1400000US44007018200,44007018200,"Census Tract 182, Providence County, Rhode Island",1677,169,10,18,0,13,0,13,0,13,0,13,0,13,0,13,0,13,17,22,13,21,7,10,70,50,47,32,50,50,76,62,436,144,117,55,180,96,202,82,199,87,163,61,55,37,0,13,35,48
1400000US44007018300,44007018300,"Census Tract 183, Providence County, Rhode Island",970,151,18,14,0,13,0,13,0,13,0,13,0,13,0,13,12,17,30,45,10,10,75,56,43,48,57,39,51,55,0,13,191,69,174,70,28,22,160,60,25,20,68,44,27,31,1,5,0,13
1400000US44007018400,44007018400,"Census Tract 184, Providence County, Rhode Island",4035,313,70,50,0,18,41,66,0,18,67,84,6,13,21,35,9,16,46,43,115,88,132,86,142,82,188,99,172,118,83,60,1223,275,255,110,195,90,387,115,266,144,415,149,172,98,8,13,22,34
1400000US44007018500,44007018500,"Census Tract 185, Providence County, Rhode Island",2054,237,31,37,0,13,0,13,0,13,0,13,4,9,0,13,0,13,20,21,46,33,124,73,86,52,109,74,126,82,44,38,628,137,132,75,111,60,193,73,182,73,91,52,127,93,0,13,0,13
